-- phpMyAdmin SQL Dump
-- version 5.2.0
-- https://www.phpmyadmin.net/
--
-- Host: localhost:3306
-- Generation Time: Aug 25, 2022 at 02:40 PM
-- Server version: 5.7.33
-- PHP Version: 8.1.8

SET SQL_MODE = "NO_AUTO_VALUE_ON_ZERO";
START TRANSACTION;
SET time_zone = "+00:00";


/*!40101 SET @OLD_CHARACTER_SET_CLIENT=@@CHARACTER_SET_CLIENT */;
/*!40101 SET @OLD_CHARACTER_SET_RESULTS=@@CHARACTER_SET_RESULTS */;
/*!40101 SET @OLD_COLLATION_CONNECTION=@@COLLATION_CONNECTION */;
/*!40101 SET NAMES utf8mb4 */;

--
-- Database: `database_development`
--

-- --------------------------------------------------------

--
-- Table structure for table `branch`
--

CREATE TABLE `branch` (
  `id` int(10) UNSIGNED NOT NULL,
  `name` varchar(45) COLLATE utf8mb4_unicode_ci DEFAULT NULL
) ENGINE=InnoDB DEFAULT CHARSET=utf8mb4 COLLATE=utf8mb4_unicode_ci;

--
-- Dumping data for table `branch`
--

INSERT INTO `branch` (`id`, `name`) VALUES
(1, 'JABODETABEK'),
(2, 'MATARAM'),
(5, 'MAKASSAR'),
(6, 'BALI'),
(7, 'SURABAYA'),
(8, 'BANDUNG'),
(9, 'YOGYAKARTA'),
(10, 'MEDAN'),
(11, 'PALEMBANG'),
(12, 'SOLO'),
(13, 'PEKANBARU'),
(14, 'BANJARMASIN'),
(15, 'SEMARANG'),
(16, 'BATAM'),
(17, 'PADANG'),
(18, 'BOGOR'),
(19, 'CIREBON'),
(20, 'MALANG'),
(22, 'MANADO'),
(23, 'KUPANG'),
(24, 'LAMONGAN'),
(25, 'TUBAN'),
(26, 'BOJONEGORO'),
(27, 'BLITAR'),
(28, 'KEDIRI'),
(29, 'JEMBER'),
(30, 'MAJALENGKA'),
(31, 'KUNINGAN'),
(32, 'KENDARI'),
(33, 'INDRAMAYU'),
(34, 'BANDA ACEH'),
(35, 'LAMPUNG'),
(36, 'CILEGON'),
(37, 'PANDEGLANG'),
(38, 'RANGKAS BITUNG'),
(39, 'SERANG'),
(40, 'CIAMIS'),
(41, 'GARUT'),
(42, 'TASIKMALAYA'),
(43, 'BALIKPAPAN'),
(44, 'KARAWANG'),
(45, 'PURWAKARTA'),
(46, 'PURWOKERTO'),
(47, 'JAMBI'),
(48, 'PONTIANAK'),
(49, 'BANJAR'),
(50, 'BANYUWANGI'),
(51, 'SAMARINDA'),
(52, 'Kudus'),
(53, 'Pasuruan'),
(54, 'Probolinggo'),
(55, 'PEKALONGAN'),
(56, 'DEMAK'),
(57, 'BAU BAU'),
(58, 'KOLAKA'),
(59, 'SALATIGA'),
(60, 'bangil'),
(61, 'BREBES'),
(62, 'PEMALANG'),
(63, 'TEGAL'),
(64, 'SLAWI'),
(65, 'DENPASAR'),
(66, 'PALU'),
(67, 'sidoarjo'),
(68, 'Pati'),
(69, 'KENDAL'),
(70, 'Bandar Lampung'),
(71, 'sukabumi'),
(72, 'TULANG BAWANG'),
(73, 'LAMPUNG SELATAN'),
(74, 'KOTA BUMI LAMPUNG UTARA'),
(75, 'LAMPUNG TIMUR');

-- --------------------------------------------------------

--
-- Table structure for table `category`
--

CREATE TABLE `category` (
  `id` int(10) UNSIGNED NOT NULL,
  `name` varchar(45) COLLATE utf8mb4_unicode_ci DEFAULT NULL
) ENGINE=InnoDB DEFAULT CHARSET=utf8mb4 COLLATE=utf8mb4_unicode_ci;

--
-- Dumping data for table `category`
--

INSERT INTO `category` (`id`, `name`) VALUES
(1, 'Clean Baby'),
(2, 'Moist Classic'),
(3, 'Massage'),
(4, 'Protect'),
(5, 'Cleanser'),
(6, 'Moist Baby'),
(7, 'Moist Pro AD'),
(8, 'Clean Pro AD'),
(9, 'BHR - Face'),
(10, 'BHR - Body');

-- --------------------------------------------------------

--
-- Table structure for table `product`
--

CREATE TABLE `product` (
  `id` int(11) NOT NULL,
  `name` varchar(64) COLLATE utf8mb4_unicode_ci DEFAULT NULL,
  `label` varchar(128) COLLATE utf8mb4_unicode_ci DEFAULT NULL,
  `category_id` int(10) UNSIGNED DEFAULT NULL
) ENGINE=InnoDB DEFAULT CHARSET=utf8mb4 COLLATE=utf8mb4_unicode_ci;

--
-- Dumping data for table `product`
--

INSERT INTO `product` (`id`, `name`, `label`, `category_id`) VALUES
(1, 'GSC 125ML', 'GSC 125ML', NULL),
(2, 'GSC 250ML', 'GSC 250ML', NULL),
(3, 'GSC 500ML', 'GSC 500ML', NULL),
(4, 'GSC 1000ML', 'GSC 1000ML', NULL),
(5, 'OILY 125ML', 'OILY 125ML', NULL),
(6, 'GSC 60ML', 'GSC 60ML', NULL),
(7, 'DAILYADVANCE 85G', 'DAILYADVANCE 85G', NULL),
(8, 'DAILY FAC LOT SPF15 118ML', 'DAILY FAC LOT SPF15 118ML', NULL),
(9, 'MOISTURIZING LOTION 200ML', 'MOISTURIZING LOTION 200ML', NULL),
(10, 'MOISTURIZING CREAM 100G', 'MOISTURIZING CREAM 100G', NULL),
(11, 'MOISTURIZING CREAM 453G', 'MOISTURIZING CREAM 453G', NULL),
(12, 'UVA/UVB PF 50 50 ML', 'UVA/UVB PF 50 50 ML', NULL),
(13, 'BABY DAILY LOTION 400ML', 'BABY DAILY LOTION 400ML', NULL),
(20, 'BABY GENTLE WASH&SMP 230ML', 'BABY GENTLE WASH&SMP 230ML', NULL),
(21, 'BABY MASSAGE OIL 200ML', 'BABY MASSAGE OIL 200ML', NULL),
(22, 'BABY SHAMPOO 200ML', 'BABY SHAMPOO 200ML', NULL),
(23, 'BABY MOIST BATH&WASH', 'BABY MOIST BATH&WASH', NULL),
(24, 'RESTORADERM WASH 295ML', 'RESTORADERM WASH 295ML', NULL),
(25, 'RESTORADERM MOIST 295ML', 'RESTORADERM MOIST 295ML', NULL),
(26, 'ULTRA GENTLE BODY WASH 500 ML', 'ULTRA GENTLE BODY WASH 500 ML', NULL),
(27, 'DAILY EXFOLIATING CLEANSER', 'FACE RENDER DAILY EXFOLIATING CLEANSER 178ML', NULL),
(28, 'BABY ADVANCED PROTECTION CREAM 85G', 'BABY ADVANCED PROTECTION CREAM 85G', NULL),
(29, 'Baby Calendula Daily Lotion 400 ml', 'BABY DAILY LOTION 400ML', NULL),
(30, 'Baby Calendula Gentle Wash&Shampoo 230 ml', 'BABY GENTLE WASH&SMP 230ML', NULL),
(31, 'Baby Calendula Gentle Wash&Shampoo 400 ml', 'BABY GENTLE WASH&SMP 400ML', NULL),
(32, 'BRIGHTENING DAY PROTECTION CREAM SPF30 50ML', 'BRIGHT HEALTHY RADIANCE DAY CREAM SPF15 50G', NULL),
(33, 'Brightening Night Comfort Cream 50 ml', 'BRIGHT HEALTHY RADIANCE NIGHT CREAM 50G', NULL),
(34, 'Brightness Reveal Creamy Cleanser 100 ml', '#N/A', NULL),
(35, 'Brightness Refresh Toner 150 ml', 'BRIGHT HEALTHY RADIANCE TONER 150ML', NULL),
(36, 'Brightness Reveal Body Wash 245 ml', 'BRIGHT HEALTHY RADIANCE WASH 245ML', NULL),
(37, 'BRIGHTENING BODY LOTION 245 ML', 'BRIGHT HEALTHY RADIANCE LOTION 245ML', NULL),
(38, 'Baby Gentle Wash & Shampoo 400ml', 'BABY GENTLE WASH&SMP 400ML', NULL),
(39, 'BABY DIAPER CREAM 70 GR', 'BABY DIAPER CREAM 70 GR', NULL),
(40, 'MOISTURIZER LOTION 59ML', 'MOISTURIZER LOTION 59ML', NULL);

-- --------------------------------------------------------

--
-- Table structure for table `report_display`
--

CREATE TABLE `report_display` (
  `id` int(10) UNSIGNED NOT NULL,
  `visit_id` varchar(50) COLLATE utf8mb4_unicode_ci DEFAULT NULL,
  `store_id` int(10) UNSIGNED DEFAULT NULL,
  `surveyor_id` int(10) UNSIGNED DEFAULT NULL,
  `category_id` int(10) UNSIGNED DEFAULT NULL,
  `json_path` varchar(512) COLLATE utf8mb4_unicode_ci DEFAULT NULL
) ENGINE=InnoDB DEFAULT CHARSET=utf8mb4 COLLATE=utf8mb4_unicode_ci;

--
-- Dumping data for table `report_display`
--

INSERT INTO `report_display` (`id`, `visit_id`, `store_id`, `surveyor_id`, `category_id`, `json_path`) VALUES
(1, 'V.26.863.22081208130223', 863, 26, 1, 'https://storage2.pitjarus.co/galderma/jsons/20220812/V.26.863.22081208130223_1_1_display1_1.json'),
(2, 'V.26.863.22081208130223', 863, 26, 1, 'https://storage2.pitjarus.co/galderma/jsons/20220812/V.26.863.22081208130223_1_2_display1_1.json'),
(3, 'V.26.863.22081208130223', 863, 26, 2, 'https://storage2.pitjarus.co/galderma/jsons/20220812/V.26.863.22081208130223_2_1_display1_1.json'),
(4, 'V.26.863.22081208130223', 863, 26, 2, 'https://storage2.pitjarus.co/galderma/jsons/20220812/V.26.863.22081208130223_2_2_display1_1.json'),
(5, 'V.26.863.22081208130223', 863, 26, 3, 'https://storage2.pitjarus.co/galderma/jsons/20220812/V.26.863.22081208130223_3_1_display1_1.json'),
(6, 'V.26.863.22081208130223', 863, 26, 4, 'https://storage2.pitjarus.co/galderma/jsons/20220812/V.26.863.22081208130223_4_1_display1_1.json'),
(7, 'V.26.865.22081208343138', 865, 26, 1, 'https://storage2.pitjarus.co/galderma/jsons/20220812/V.26.865.22081208343138_1_1_display1_1.json'),
(8, 'V.26.865.22081208343138', 865, 26, 2, 'https://storage2.pitjarus.co/galderma/jsons/20220812/V.26.865.22081208343138_2_1_display1_1.json'),
(9, 'V.26.865.22081208343138', 865, 26, 2, 'https://storage2.pitjarus.co/galderma/jsons/20220812/V.26.865.22081208343138_2_2_display1_1.json'),
(10, 'V.26.865.22081208343138', 865, 26, 3, 'https://storage2.pitjarus.co/galderma/jsons/20220812/V.26.865.22081208343138_3_1_display1_1.json'),
(11, 'V.26.865.22081208343138', 865, 26, 3, 'https://storage2.pitjarus.co/galderma/jsons/20220812/V.26.865.22081208343138_3_2_display1_1.json'),
(12, 'V.69.4559.22081209001297', 4559, 69, 1, 'https://storage2.pitjarus.co/galderma/jsons/20220812/V.69.4559.22081209001297_1_1_display1_1.json'),
(13, 'V.69.4559.22081209001297', 4559, 69, 2, 'https://storage2.pitjarus.co/galderma/jsons/20220812/V.69.4559.22081209001297_2_1_display1_1.json'),
(14, 'V.69.4559.22081209001297', 4559, 69, 2, 'https://storage2.pitjarus.co/galderma/jsons/20220812/V.69.4559.22081209001297_2_2_display1_1.json'),
(15, 'V.69.4559.22081209001297', 4559, 69, 4, 'https://storage2.pitjarus.co/galderma/jsons/20220812/V.69.4559.22081209001297_4_2_display1_1.json'),
(16, 'V.9.16319.22081209001953', 16319, 9, 2, 'https://storage2.pitjarus.co/galderma/jsons/20220812/V.9.16319.22081209001953_2_1_display1_1.json'),
(17, 'V.9.16319.22081209001953', 16319, 9, 2, 'https://storage2.pitjarus.co/galderma/jsons/20220812/V.9.16319.22081209001953_2_2_display1_1.json'),
(18, 'V.43.10845.22081209023043', 10845, 43, 2, 'https://storage2.pitjarus.co/galderma/jsons/20220812/V.43.10845.22081209023043_2_1_display1_1.json'),
(19, 'V.43.10845.22081209023043', 10845, 43, 2, 'https://storage2.pitjarus.co/galderma/jsons/20220812/V.43.10845.22081209023043_2_2_display1_1.json'),
(20, 'V.48.14958.22081209031693', 14958, 48, 2, 'https://storage2.pitjarus.co/galderma/jsons/20220812/V.48.14958.22081209031693_2_1_display1_1.json'),
(21, 'V.66.14169.22081209093518', 14169, 66, 2, 'https://storage2.pitjarus.co/galderma/jsons/20220812/V.66.14169.22081209093518_2_1_display1_1.json'),
(22, 'V.66.14169.22081209093518', 14169, 66, 2, 'https://storage2.pitjarus.co/galderma/jsons/20220812/V.66.14169.22081209093518_2_2_display1_1.json'),
(23, 'V.66.14169.22081209093518', 14169, 66, 2, 'https://storage2.pitjarus.co/galderma/jsons/20220812/V.66.14169.22081209093518_2_2_display1_1.json'),
(24, 'V.62.9237.22081209112380', 9237, 62, 2, 'https://storage2.pitjarus.co/galderma/jsons/20220812/V.62.9237.22081209112380_2_1_display1_1.json'),
(25, 'V.63.10162.22081209203849', 10162, 63, 2, 'https://storage2.pitjarus.co/galderma/jsons/20220812/V.63.10162.22081209203849_2_1_display1_1.json'),
(26, 'V.50.8084.22081209213118', 8084, 50, 2, 'https://storage2.pitjarus.co/galderma/jsons/20220812/V.50.8084.22081209213118_2_1_display1_1.json'),
(27, 'V.9.11158.22081209225159', 11158, 9, 2, 'https://storage2.pitjarus.co/galderma/jsons/20220812/V.9.11158.22081209225159_2_1_display1_1.json'),
(28, 'V.30.15370.22081209231660', 15370, 30, 2, 'https://storage2.pitjarus.co/galderma/jsons/20220812/V.30.15370.22081209231660_2_1_display1_1.json'),
(29, 'V.30.15370.22081209231660', 15370, 30, 2, 'https://storage2.pitjarus.co/galderma/jsons/20220812/V.30.15370.22081209231660_2_2_display1_1.json'),
(30, 'V.32.11790.22081209252430', 11790, 32, 2, 'https://storage2.pitjarus.co/galderma/jsons/20220812/V.32.11790.22081209252430_2_1_display1_1.json'),
(31, 'V.45.15172.22081209252733', 15172, 45, 2, 'https://storage2.pitjarus.co/galderma/jsons/20220812/V.45.15172.22081209252733_2_1_display1_1.json'),
(32, 'V.45.15172.22081209252733', 15172, 45, 2, 'https://storage2.pitjarus.co/galderma/jsons/20220812/V.45.15172.22081209252733_2_1_display2_1.json'),
(33, 'V.69.10798.22081209272984', 10798, 69, 2, 'https://storage2.pitjarus.co/galderma/jsons/20220812/V.69.10798.22081209272984_2_1_display1_1.json'),
(34, 'V.49.15314.22081209283016', 15314, 49, 2, 'https://storage2.pitjarus.co/galderma/jsons/20220812/V.49.15314.22081209283016_2_1_display1_1.json'),
(35, 'V.62.10030.22081209331814', 10030, 62, 2, 'https://storage2.pitjarus.co/galderma/jsons/20220812/V.62.10030.22081209331814_2_1_display1_1.json'),
(36, 'V.82.7850.22081209334908', 7850, 82, 1, 'https://storage2.pitjarus.co/galderma/jsons/20220812/V.82.7850.22081209334908_1_1_display1_1.json'),
(37, 'V.82.7850.22081209334908', 7850, 82, 1, 'https://storage2.pitjarus.co/galderma/jsons/20220812/V.82.7850.22081209334908_1_2_display1_1.json'),
(38, 'V.82.7850.22081209334908', 7850, 82, 1, 'https://storage2.pitjarus.co/galderma/jsons/20220812/V.82.7850.22081209334908_1_2_display1_2.json'),
(39, 'V.82.7850.22081209334908', 7850, 82, 2, 'https://storage2.pitjarus.co/galderma/jsons/20220812/V.82.7850.22081209334908_2_1_display1_1.json'),
(40, 'V.82.7850.22081209334908', 7850, 82, 2, 'https://storage2.pitjarus.co/galderma/jsons/20220812/V.82.7850.22081209334908_2_2_display1_2.json'),
(41, 'V.30.14091.22081209341725', 14091, 30, 2, 'https://storage2.pitjarus.co/galderma/jsons/20220812/V.30.14091.22081209341725_2_1_display1_1.json'),
(42, 'V.30.14091.22081209341725', 14091, 30, 2, 'https://storage2.pitjarus.co/galderma/jsons/20220812/V.30.14091.22081209341725_2_2_display1_1.json'),
(43, 'V.48.11595.22081209354627', 11595, 48, 2, 'https://storage2.pitjarus.co/galderma/jsons/20220812/V.48.11595.22081209354627_2_1_display1_1.json'),
(44, 'V.9.11160.22081209354822', 11160, 9, 2, 'https://storage2.pitjarus.co/galderma/jsons/20220812/V.9.11160.22081209354822_2_1_display1_1.json'),
(45, 'V.10.9722.22081209365556', 9722, 10, 2, 'https://storage2.pitjarus.co/galderma/jsons/20220812/V.10.9722.22081209365556_2_1_display1_1.json'),
(46, 'V.10.9722.22081209365556', 9722, 10, 2, 'https://storage2.pitjarus.co/galderma/jsons/20220812/V.10.9722.22081209365556_2_1_display2_1.json'),
(47, 'V.69.13753.22081209400526', 13753, 69, 1, 'https://storage2.pitjarus.co/galderma/jsons/20220812/V.69.13753.22081209400526_1_2_display1_1.json'),
(48, 'V.69.13753.22081209400526', 13753, 69, 2, 'https://storage2.pitjarus.co/galderma/jsons/20220812/V.69.13753.22081209400526_2_1_display1_1.json'),
(49, 'V.30.15902.22081209434275', 15902, 30, 2, 'https://storage2.pitjarus.co/galderma/jsons/20220812/V.30.15902.22081209434275_2_1_display1_1.json'),
(50, 'V.10.9794.22081209463644', 9794, 10, 2, 'https://storage2.pitjarus.co/galderma/jsons/20220812/V.10.9794.22081209463644_2_1_display1_1.json'),
(51, 'V.10.9794.22081209463644', 9794, 10, 2, 'https://storage2.pitjarus.co/galderma/jsons/20220812/V.10.9794.22081209463644_2_1_display2_1.json'),
(52, 'V.49.8033.22081209483845', 8033, 49, 2, 'https://storage2.pitjarus.co/galderma/jsons/20220812/V.49.8033.22081209483845_2_1_display1_1.json'),
(53, 'V.42.1812.22081209484894', 1812, 42, 2, 'https://storage2.pitjarus.co/galderma/jsons/20220812/V.42.1812.22081209484894_2_1_display1_1.json'),
(54, 'V.42.1812.22081209484894', 1812, 42, 2, 'https://storage2.pitjarus.co/galderma/jsons/20220812/V.42.1812.22081209484894_2_1_display2_1.json'),
(55, 'V.42.1812.22081209484894', 1812, 42, 2, 'https://storage2.pitjarus.co/galderma/jsons/20220812/V.42.1812.22081209484894_2_2_display1_1.json'),
(56, 'V.42.1812.22081209484894', 1812, 42, 2, 'https://storage2.pitjarus.co/galderma/jsons/20220812/V.42.1812.22081209484894_2_2_display1_2.json'),
(57, 'V.50.8085.22081209510893', 8085, 50, 2, 'https://storage2.pitjarus.co/galderma/jsons/20220812/V.50.8085.22081209510893_2_1_display1_1.json'),
(58, 'V.23.13005.22081209512021', 13005, 23, 2, 'https://storage2.pitjarus.co/galderma/jsons/20220812/V.23.13005.22081209512021_2_1_display1_1.json'),
(59, 'V.23.13005.22081209512021', 13005, 23, 2, 'https://storage2.pitjarus.co/galderma/jsons/20220812/V.23.13005.22081209512021_2_1_display1_1.json'),
(60, 'V.32.11792.22081209522232', 11792, 32, 2, 'https://storage2.pitjarus.co/galderma/jsons/20220812/V.32.11792.22081209522232_2_1_display1_1.json'),
(61, 'V.94.17065.22081209563152', 17065, 94, 1, 'https://storage2.pitjarus.co/galderma/jsons/20220812/V.94.17065.22081209563152_1_1_display1_1.json'),
(62, 'V.94.17065.22081209563152', 17065, 94, 2, 'https://storage2.pitjarus.co/galderma/jsons/20220812/V.94.17065.22081209563152_2_1_display1_1.json'),
(63, 'V.82.16627.22081209563330', 16627, 82, 1, 'https://storage2.pitjarus.co/galderma/jsons/20220812/V.82.16627.22081209563330_1_2_display1_2.json'),
(64, 'V.82.16627.22081209563330', 16627, 82, 2, 'https://storage2.pitjarus.co/galderma/jsons/20220812/V.82.16627.22081209563330_2_1_display1_1.json'),
(65, 'V.82.16627.22081209563330', 16627, 82, 2, 'https://storage2.pitjarus.co/galderma/jsons/20220812/V.82.16627.22081209563330_2_2_display1_1.json'),
(66, 'V.82.16627.22081209563330', 16627, 82, 2, 'https://storage2.pitjarus.co/galderma/jsons/20220812/V.82.16627.22081209563330_2_2_display2_1.json'),
(67, 'V.82.16627.22081209563330', 16627, 82, 2, 'https://storage2.pitjarus.co/galderma/jsons/20220812/V.82.16627.22081209563330_2_2_display1_2.json'),
(68, 'V.82.16627.22081209563330', 16627, 82, 2, 'https://storage2.pitjarus.co/galderma/jsons/20220812/V.82.16627.22081209563330_2_2_display2_2.json'),
(69, 'V.69.4635.22081209570742', 4635, 69, 1, 'https://storage2.pitjarus.co/galderma/jsons/20220812/V.69.4635.22081209570742_1_2_display1_1.json'),
(70, 'V.69.4635.22081209570742', 4635, 69, 2, 'https://storage2.pitjarus.co/galderma/jsons/20220812/V.69.4635.22081209570742_2_1_display1_1.json'),
(71, 'V.69.4635.22081209570742', 4635, 69, 2, 'https://storage2.pitjarus.co/galderma/jsons/20220812/V.69.4635.22081209570742_2_2_display1_1.json'),
(72, 'V.66.14666.22081209571026', 14666, 66, 2, 'https://storage2.pitjarus.co/galderma/jsons/20220812/V.66.14666.22081209571026_2_1_display1_1.json'),
(73, 'V.90.16382.22081209594286', 16382, 90, 2, 'https://storage2.pitjarus.co/galderma/jsons/20220812/V.90.16382.22081209594286_2_1_display1_1.json'),
(74, 'V.90.16382.22081209594286', 16382, 90, 2, 'https://storage2.pitjarus.co/galderma/jsons/20220812/V.90.16382.22081209594286_2_2_display1_1.json'),
(75, 'V.47.8626.22081210011625', 8626, 47, 2, 'https://storage2.pitjarus.co/galderma/jsons/20220812/V.47.8626.22081210011625_2_1_display1_1.json'),
(76, 'V.30.1168.22081210022312', 1168, 30, 1, 'https://storage2.pitjarus.co/galderma/jsons/20220812/V.30.1168.22081210022312_1_2_display1_1.json'),
(77, 'V.30.1168.22081210022312', 1168, 30, 2, 'https://storage2.pitjarus.co/galderma/jsons/20220812/V.30.1168.22081210022312_2_1_display1_1.json'),
(78, 'V.30.1168.22081210022312', 1168, 30, 2, 'https://storage2.pitjarus.co/galderma/jsons/20220812/V.30.1168.22081210022312_2_2_display1_1.json'),
(79, 'V.85.11313.22081210092780', 11313, 85, 2, 'https://storage2.pitjarus.co/galderma/jsons/20220812/V.85.11313.22081210092780_2_1_display1_1.json'),
(80, 'V.62.3936.22081210093626', 3936, 62, 1, 'https://storage2.pitjarus.co/galderma/jsons/20220812/V.62.3936.22081210093626_1_1_display1_1.json'),
(81, 'V.62.3936.22081210093626', 3936, 62, 2, 'https://storage2.pitjarus.co/galderma/jsons/20220812/V.62.3936.22081210093626_2_1_display1_1.json'),
(82, 'V.62.3936.22081210093626', 3936, 62, 2, 'https://storage2.pitjarus.co/galderma/jsons/20220812/V.62.3936.22081210093626_2_2_display1_1.json'),
(83, 'V.62.3936.22081210093626', 3936, 62, 4, 'https://storage2.pitjarus.co/galderma/jsons/20220812/V.62.3936.22081210093626_4_1_display1_1.json'),
(84, 'V.66.15330.22081210111429', 15330, 66, 2, 'https://storage2.pitjarus.co/galderma/jsons/20220812/V.66.15330.22081210111429_2_1_display1_1.json'),
(85, 'V.26.885.22081210121807', 885, 26, 1, 'https://storage2.pitjarus.co/galderma/jsons/20220812/V.26.885.22081210121807_1_1_display1_1.json'),
(86, 'V.26.885.22081210121807', 885, 26, 1, 'https://storage2.pitjarus.co/galderma/jsons/20220812/V.26.885.22081210121807_1_2_display1_1.json'),
(87, 'V.26.885.22081210121807', 885, 26, 2, 'https://storage2.pitjarus.co/galderma/jsons/20220812/V.26.885.22081210121807_2_1_display1_1.json'),
(88, 'V.26.885.22081210121807', 885, 26, 2, 'https://storage2.pitjarus.co/galderma/jsons/20220812/V.26.885.22081210121807_2_2_display1_1.json'),
(89, 'V.26.885.22081210121807', 885, 26, 3, 'https://storage2.pitjarus.co/galderma/jsons/20220812/V.26.885.22081210121807_3_1_display1_1.json'),
(90, 'V.26.885.22081210121807', 885, 26, 3, 'https://storage2.pitjarus.co/galderma/jsons/20220812/V.26.885.22081210121807_3_2_display1_1.json'),
(91, 'V.50.15480.22081210131454', 15480, 50, 2, 'https://storage2.pitjarus.co/galderma/jsons/20220812/V.50.15480.22081210131454_2_1_display1_1.json'),
(92, 'V.47.8627.22081210133797', 8627, 47, 2, 'https://storage2.pitjarus.co/galderma/jsons/20220812/V.47.8627.22081210133797_2_1_display1_1.json'),
(93, 'V.63.10163.22081210142230', 10163, 63, 2, 'https://storage2.pitjarus.co/galderma/jsons/20220812/V.63.10163.22081210142230_2_1_display1_1.json'),
(94, 'V.32.1878.22081210160729', 1878, 32, 2, 'https://storage2.pitjarus.co/galderma/jsons/20220812/V.32.1878.22081210160729_2_1_display1_1.json'),
(95, 'V.49.5605.22081210184658', 5605, 49, 2, 'https://storage2.pitjarus.co/galderma/jsons/20220812/V.49.5605.22081210184658_2_1_display1_1.json'),
(96, 'V.49.5605.22081210184658', 5605, 49, 2, 'https://storage2.pitjarus.co/galderma/jsons/20220812/V.49.5605.22081210184658_2_2_display1_1.json'),
(97, 'V.49.5605.22081210184658', 5605, 49, 2, 'https://storage2.pitjarus.co/galderma/jsons/20220812/V.49.5605.22081210184658_2_2_display1_2.json'),
(98, 'V.49.5605.22081210184658', 5605, 49, 4, 'https://storage2.pitjarus.co/galderma/jsons/20220812/V.49.5605.22081210184658_4_1_display1_1.json'),
(99, 'V.12.387.22081210192763', 387, 12, 1, 'https://storage2.pitjarus.co/galderma/jsons/20220812/V.12.387.22081210192763_1_1_display1_1.json'),
(100, 'V.12.387.22081210192763', 387, 12, 1, 'https://storage2.pitjarus.co/galderma/jsons/20220812/V.12.387.22081210192763_1_1_display2_1.json'),
(101, 'V.12.387.22081210192763', 387, 12, 1, 'https://storage2.pitjarus.co/galderma/jsons/20220812/V.12.387.22081210192763_1_2_display1_1.json'),
(102, 'V.12.387.22081210192763', 387, 12, 2, 'https://storage2.pitjarus.co/galderma/jsons/20220812/V.12.387.22081210192763_2_1_display1_1.json'),
(103, 'V.12.387.22081210192763', 387, 12, 2, 'https://storage2.pitjarus.co/galderma/jsons/20220812/V.12.387.22081210192763_2_1_display2_1.json'),
(104, 'V.12.387.22081210192763', 387, 12, 2, 'https://storage2.pitjarus.co/galderma/jsons/20220812/V.12.387.22081210192763_2_2_display1_1.json'),
(105, 'V.48.4023.22081210192986', 4023, 48, 1, 'https://storage2.pitjarus.co/galderma/jsons/20220812/V.48.4023.22081210192986_1_1_display1_1.json'),
(106, 'V.48.4023.22081210192986', 4023, 48, 2, 'https://storage2.pitjarus.co/galderma/jsons/20220812/V.48.4023.22081210192986_2_1_display1_1.json'),
(107, 'V.48.4023.22081210192986', 4023, 48, 2, 'https://storage2.pitjarus.co/galderma/jsons/20220812/V.48.4023.22081210192986_2_2_display1_1.json'),
(108, 'V.30.3323.22081210213612', 3323, 30, 1, 'https://storage2.pitjarus.co/galderma/jsons/20220812/V.30.3323.22081210213612_1_2_display1_1.json'),
(109, 'V.30.3323.22081210213612', 3323, 30, 2, 'https://storage2.pitjarus.co/galderma/jsons/20220812/V.30.3323.22081210213612_2_1_display1_1.json'),
(110, 'V.30.3323.22081210213612', 3323, 30, 2, 'https://storage2.pitjarus.co/galderma/jsons/20220812/V.30.3323.22081210213612_2_2_display1_1.json'),
(111, 'V.47.8628.22081210253941', 8628, 47, 2, 'https://storage2.pitjarus.co/galderma/jsons/20220812/V.47.8628.22081210253941_2_1_display1_1.json'),
(112, 'V.66.14667.22081210283421', 14667, 66, 2, 'https://storage2.pitjarus.co/galderma/jsons/20220812/V.66.14667.22081210283421_2_1_display1_1.json'),
(113, 'V.28.2083.22081210295340', 2083, 28, 1, 'https://storage2.pitjarus.co/galderma/jsons/20220812/V.28.2083.22081210295340_1_1_display1_1.json'),
(114, 'V.28.2083.22081210295340', 2083, 28, 2, 'https://storage2.pitjarus.co/galderma/jsons/20220812/V.28.2083.22081210295340_2_1_display1_1.json'),
(115, 'V.28.2083.22081210295340', 2083, 28, 2, 'https://storage2.pitjarus.co/galderma/jsons/20220812/V.28.2083.22081210295340_2_2_display1_1.json'),
(116, 'V.28.2083.22081210295340', 2083, 28, 4, 'https://storage2.pitjarus.co/galderma/jsons/20220812/V.28.2083.22081210295340_4_1_display1_1.json'),
(117, 'V.28.2083.22081210295340', 2083, 28, 4, 'https://storage2.pitjarus.co/galderma/jsons/20220812/V.28.2083.22081210295340_4_2_display1_1.json'),
(118, 'V.47.8629.22081210314054', 8629, 47, 2, 'https://storage2.pitjarus.co/galderma/jsons/20220812/V.47.8629.22081210314054_2_1_display1_1.json'),
(119, 'V.30.11874.22081210314804', 11874, 30, 2, 'https://storage2.pitjarus.co/galderma/jsons/20220812/V.30.11874.22081210314804_2_1_display1_1.json'),
(120, 'V.30.11874.22081210314804', 11874, 30, 2, 'https://storage2.pitjarus.co/galderma/jsons/20220812/V.30.11874.22081210314804_2_2_display1_1.json'),
(121, 'V.26.8680.22081210324555', 8680, 26, 2, 'https://storage2.pitjarus.co/galderma/jsons/20220812/V.26.8680.22081210324555_2_1_display1_1.json'),
(122, 'V.26.8680.22081210324555', 8680, 26, 2, 'https://storage2.pitjarus.co/galderma/jsons/20220812/V.26.8680.22081210324555_2_2_display1_1.json'),
(123, 'V.8.14437.22081210341949', 14437, 8, 1, 'https://storage2.pitjarus.co/galderma/jsons/20220812/V.8.14437.22081210341949_1_1_display1_1.json'),
(124, 'V.8.14437.22081210341949', 14437, 8, 2, 'https://storage2.pitjarus.co/galderma/jsons/20220812/V.8.14437.22081210341949_2_1_display1_1.json'),
(125, 'V.8.14437.22081210341949', 14437, 8, 2, 'https://storage2.pitjarus.co/galderma/jsons/20220812/V.8.14437.22081210341949_2_2_display1_1.json'),
(126, 'V.85.11314.22081210342049', 11314, 85, 2, 'https://storage2.pitjarus.co/galderma/jsons/20220812/V.85.11314.22081210342049_2_1_display1_1.json'),
(127, 'V.69.4637.22081210350960', 4637, 69, 2, 'https://storage2.pitjarus.co/galderma/jsons/20220812/V.69.4637.22081210350960_2_1_display1_1.json'),
(128, 'V.69.4637.22081210350960', 4637, 69, 2, 'https://storage2.pitjarus.co/galderma/jsons/20220812/V.69.4637.22081210350960_2_2_display1_1.json'),
(129, 'V.32.16669.22081210354643', 16669, 32, 2, 'https://storage2.pitjarus.co/galderma/jsons/20220812/V.32.16669.22081210354643_2_1_display1_1.json'),
(130, 'V.47.12210.22081210372352', 12210, 47, 2, 'https://storage2.pitjarus.co/galderma/jsons/20220812/V.47.12210.22081210372352_2_1_display1_1.json'),
(131, 'V.50.7406.22081210381351', 7406, 50, 2, 'https://storage2.pitjarus.co/galderma/jsons/20220812/V.50.7406.22081210381351_2_1_display1_1.json'),
(132, 'V.50.7406.22081210381351', 7406, 50, 2, 'https://storage2.pitjarus.co/galderma/jsons/20220812/V.50.7406.22081210381351_2_1_display2_1.json'),
(133, 'V.50.7406.22081210381351', 7406, 50, 2, 'https://storage2.pitjarus.co/galderma/jsons/20220812/V.50.7406.22081210381351_2_2_display1_1.json'),
(134, 'V.50.7406.22081210381351', 7406, 50, 2, 'https://storage2.pitjarus.co/galderma/jsons/20220812/V.50.7406.22081210381351_2_2_display1_2.json'),
(135, 'V.50.7406.22081210381351', 7406, 50, 2, 'https://storage2.pitjarus.co/galderma/jsons/20220812/V.50.7406.22081210381351_2_2_display2_2.json'),
(136, 'V.26.8682.22081210415614', 8682, 26, 2, 'https://storage2.pitjarus.co/galderma/jsons/20220812/V.26.8682.22081210415614_2_1_display1_1.json'),
(137, 'V.26.8682.22081210415614', 8682, 26, 2, 'https://storage2.pitjarus.co/galderma/jsons/20220812/V.26.8682.22081210415614_2_2_display1_1.json'),
(138, 'V.24.8162.22081210433208', 8162, 24, 2, 'https://storage2.pitjarus.co/galderma/jsons/20220812/V.24.8162.22081210433208_2_1_display1_1.json'),
(139, 'V.45.59.22081210435858', 59, 45, 1, 'https://storage2.pitjarus.co/galderma/jsons/20220812/V.45.59.22081210435858_1_1_display1_1.json'),
(140, 'V.45.59.22081210435858', 59, 45, 1, 'https://storage2.pitjarus.co/galderma/jsons/20220812/V.45.59.22081210435858_1_1_display2_1.json'),
(141, 'V.45.59.22081210435858', 59, 45, 1, 'https://storage2.pitjarus.co/galderma/jsons/20220812/V.45.59.22081210435858_1_2_display1_1.json'),
(142, 'V.45.59.22081210435858', 59, 45, 1, 'https://storage2.pitjarus.co/galderma/jsons/20220812/V.45.59.22081210435858_1_2_display2_1.json'),
(143, 'V.45.59.22081210435858', 59, 45, 2, 'https://storage2.pitjarus.co/galderma/jsons/20220812/V.45.59.22081210435858_2_1_display1_1.json'),
(144, 'V.45.59.22081210435858', 59, 45, 2, 'https://storage2.pitjarus.co/galderma/jsons/20220812/V.45.59.22081210435858_2_1_display2_1.json'),
(145, 'V.45.59.22081210435858', 59, 45, 2, 'https://storage2.pitjarus.co/galderma/jsons/20220812/V.45.59.22081210435858_2_2_display1_1.json'),
(146, 'V.45.59.22081210435858', 59, 45, 2, 'https://storage2.pitjarus.co/galderma/jsons/20220812/V.45.59.22081210435858_2_2_display2_1.json'),
(147, 'V.47.13695.22081210441288', 13695, 47, 2, 'https://storage2.pitjarus.co/galderma/jsons/20220812/V.47.13695.22081210441288_2_1_display1_1.json'),
(148, 'V.56.8553.22081210461148', 8553, 56, 2, 'https://storage2.pitjarus.co/galderma/jsons/20220812/V.56.8553.22081210461148_2_1_display1_1.json'),
(149, 'V.62.4704.22081210472162', 4704, 62, 2, 'https://storage2.pitjarus.co/galderma/jsons/20220812/V.62.4704.22081210472162_2_1_display1_1.json'),
(150, 'V.63.10118.22081210483090', 10118, 63, 2, 'https://storage2.pitjarus.co/galderma/jsons/20220812/V.63.10118.22081210483090_2_1_display1_1.json'),
(151, 'V.30.3319.22081210504351', 3319, 30, 1, 'https://storage2.pitjarus.co/galderma/jsons/20220812/V.30.3319.22081210504351_1_2_display1_1.json'),
(152, 'V.30.3319.22081210504351', 3319, 30, 2, 'https://storage2.pitjarus.co/galderma/jsons/20220812/V.30.3319.22081210504351_2_1_display1_1.json'),
(153, 'V.30.3319.22081210504351', 3319, 30, 2, 'https://storage2.pitjarus.co/galderma/jsons/20220812/V.30.3319.22081210504351_2_2_display1_1.json'),
(154, 'V.66.5702.22081210530359', 5702, 66, 1, 'https://storage2.pitjarus.co/galderma/jsons/20220812/V.66.5702.22081210530359_1_1_display1_1.json'),
(155, 'V.66.5702.22081210530359', 5702, 66, 1, 'https://storage2.pitjarus.co/galderma/jsons/20220812/V.66.5702.22081210530359_1_2_display1_1.json'),
(156, 'V.66.5702.22081210530359', 5702, 66, 2, 'https://storage2.pitjarus.co/galderma/jsons/20220812/V.66.5702.22081210530359_2_1_display1_1.json'),
(157, 'V.66.5702.22081210530359', 5702, 66, 2, 'https://storage2.pitjarus.co/galderma/jsons/20220812/V.66.5702.22081210530359_2_2_display1_1.json'),
(158, 'V.54.1675.22081210551689', 1675, 54, 1, 'https://storage2.pitjarus.co/galderma/jsons/20220812/V.54.1675.22081210551689_1_1_display1_1.json'),
(159, 'V.54.1675.22081210551689', 1675, 54, 1, 'https://storage2.pitjarus.co/galderma/jsons/20220812/V.54.1675.22081210551689_1_1_display2_1.json'),
(160, 'V.54.1675.22081210551689', 1675, 54, 2, 'https://storage2.pitjarus.co/galderma/jsons/20220812/V.54.1675.22081210551689_2_1_display1_1.json'),
(161, 'V.54.1675.22081210551689', 1675, 54, 2, 'https://storage2.pitjarus.co/galderma/jsons/20220812/V.54.1675.22081210551689_2_1_display2_1.json'),
(162, 'V.54.1675.22081210551689', 1675, 54, 2, 'https://storage2.pitjarus.co/galderma/jsons/20220812/V.54.1675.22081210551689_2_2_display1_1.json'),
(163, 'V.54.1675.22081210551689', 1675, 54, 2, 'https://storage2.pitjarus.co/galderma/jsons/20220812/V.54.1675.22081210551689_2_2_display1_2.json'),
(164, 'V.54.1675.22081210551689', 1675, 54, 3, 'https://storage2.pitjarus.co/galderma/jsons/20220812/V.54.1675.22081210551689_3_1_display1_1.json'),
(165, 'V.54.1675.22081210551689', 1675, 54, 3, 'https://storage2.pitjarus.co/galderma/jsons/20220812/V.54.1675.22081210551689_3_1_display2_1.json'),
(166, 'V.47.13696.22081210564106', 13696, 47, 2, 'https://storage2.pitjarus.co/galderma/jsons/20220812/V.47.13696.22081210564106_2_1_display1_1.json'),
(167, 'V.88.17092.22081210580937', 17092, 88, 1, 'https://storage2.pitjarus.co/galderma/jsons/20220812/V.88.17092.22081210580937_1_1_display1_1.json'),
(168, 'V.88.17092.22081210580937', 17092, 88, 2, 'https://storage2.pitjarus.co/galderma/jsons/20220812/V.88.17092.22081210580937_2_1_display1_1.json'),
(169, 'V.88.17092.22081210580937', 17092, 88, 2, 'https://storage2.pitjarus.co/galderma/jsons/20220812/V.88.17092.22081210580937_2_1_display2_1.json'),
(170, 'V.88.17092.22081210580937', 17092, 88, 2, 'https://storage2.pitjarus.co/galderma/jsons/20220812/V.88.17092.22081210580937_2_2_display1_1.json'),
(171, 'V.26.8683.22081210585624', 8683, 26, 2, 'https://storage2.pitjarus.co/galderma/jsons/20220812/V.26.8683.22081210585624_2_1_display1_1.json'),
(172, 'V.26.8683.22081210585624', 8683, 26, 2, 'https://storage2.pitjarus.co/galderma/jsons/20220812/V.26.8683.22081210585624_2_2_display1_1.json'),
(173, 'V.94.17066.22081210595368', 17066, 94, 2, 'https://storage2.pitjarus.co/galderma/jsons/20220812/V.94.17066.22081210595368_2_1_display1_1.json'),
(174, 'V.12.388.22081211031474', 388, 12, 2, 'https://storage2.pitjarus.co/galderma/jsons/20220812/V.12.388.22081211031474_2_1_display1_1.json'),
(175, 'V.8.14439.22081211042674', 14439, 8, 1, 'https://storage2.pitjarus.co/galderma/jsons/20220812/V.8.14439.22081211042674_1_1_display1_1.json'),
(176, 'V.8.14439.22081211042674', 14439, 8, 1, 'https://storage2.pitjarus.co/galderma/jsons/20220812/V.8.14439.22081211042674_1_2_display1_1.json'),
(177, 'V.8.14439.22081211042674', 14439, 8, 2, 'https://storage2.pitjarus.co/galderma/jsons/20220812/V.8.14439.22081211042674_2_1_display1_1.json'),
(178, 'V.32.10871.22081211042750', 10871, 32, 2, 'https://storage2.pitjarus.co/galderma/jsons/20220812/V.32.10871.22081211042750_2_1_display1_1.json'),
(179, 'V.24.14765.22081211054340', 14765, 24, 2, 'https://storage2.pitjarus.co/galderma/jsons/20220812/V.24.14765.22081211054340_2_1_display1_1.json'),
(180, 'V.42.5170.22081211080204', 5170, 42, 2, 'https://storage2.pitjarus.co/galderma/jsons/20220812/V.42.5170.22081211080204_2_1_display1_1.json'),
(181, 'V.42.5170.22081211080204', 5170, 42, 2, 'https://storage2.pitjarus.co/galderma/jsons/20220812/V.42.5170.22081211080204_2_2_display1_1.json'),
(182, 'V.42.5170.22081211080204', 5170, 42, 2, 'https://storage2.pitjarus.co/galderma/jsons/20220812/V.42.5170.22081211080204_2_2_display1_2.json'),
(183, 'V.45.15175.22081211082464', 15175, 45, 2, 'https://storage2.pitjarus.co/galderma/jsons/20220812/V.45.15175.22081211082464_2_1_display1_1.json'),
(184, 'V.47.910.22081211091941', 910, 47, 1, 'https://storage2.pitjarus.co/galderma/jsons/20220812/V.47.910.22081211091941_1_1_display1_1.json'),
(185, 'V.47.910.22081211091941', 910, 47, 1, 'https://storage2.pitjarus.co/galderma/jsons/20220812/V.47.910.22081211091941_1_2_display1_1.json'),
(186, 'V.47.910.22081211091941', 910, 47, 2, 'https://storage2.pitjarus.co/galderma/jsons/20220812/V.47.910.22081211091941_2_1_display1_1.json'),
(187, 'V.47.910.22081211091941', 910, 47, 2, 'https://storage2.pitjarus.co/galderma/jsons/20220812/V.47.910.22081211091941_2_2_display1_1.json'),
(188, 'V.47.910.22081211091941', 910, 47, 4, 'https://storage2.pitjarus.co/galderma/jsons/20220812/V.47.910.22081211091941_4_1_display1_1.json'),
(189, 'V.47.910.22081211091941', 910, 47, 4, 'https://storage2.pitjarus.co/galderma/jsons/20220812/V.47.910.22081211091941_4_2_display1_1.json'),
(190, 'V.85.528.22081211092060', 528, 85, 2, 'https://storage2.pitjarus.co/galderma/jsons/20220812/V.85.528.22081211092060_2_1_display1_1.json'),
(191, 'V.85.528.22081211092060', 528, 85, 2, 'https://storage2.pitjarus.co/galderma/jsons/20220812/V.85.528.22081211092060_2_2_display1_1.json'),
(192, 'V.85.528.22081211092060', 528, 85, 2, 'https://storage2.pitjarus.co/galderma/jsons/20220812/V.85.528.22081211092060_2_2_display1_2.json'),
(193, 'V.85.528.22081211092060', 528, 85, 3, 'https://storage2.pitjarus.co/galderma/jsons/20220812/V.85.528.22081211092060_3_1_display1_1.json'),
(194, 'V.45.15176.22081211131605', 15176, 45, 2, 'https://storage2.pitjarus.co/galderma/jsons/20220812/V.45.15176.22081211131605_2_1_display1_1.json'),
(195, 'V.31.652.22081211134702', 652, 31, 1, 'https://storage2.pitjarus.co/galderma/jsons/20220812/V.31.652.22081211134702_1_1_display1_1.json'),
(196, 'V.31.652.22081211134702', 652, 31, 1, 'https://storage2.pitjarus.co/galderma/jsons/20220812/V.31.652.22081211134702_1_2_display1_1.json'),
(197, 'V.31.652.22081211134702', 652, 31, 2, 'https://storage2.pitjarus.co/galderma/jsons/20220812/V.31.652.22081211134702_2_1_display1_1.json'),
(198, 'V.31.652.22081211134702', 652, 31, 2, 'https://storage2.pitjarus.co/galderma/jsons/20220812/V.31.652.22081211134702_2_2_display1_1.json'),
(199, 'V.90.16982.22081211135232', 16982, 90, 2, 'https://storage2.pitjarus.co/galderma/jsons/20220812/V.90.16982.22081211135232_2_1_display1_1.json'),
(200, 'V.90.16982.22081211135232', 16982, 90, 2, 'https://storage2.pitjarus.co/galderma/jsons/20220812/V.90.16982.22081211135232_2_2_display1_1.json'),
(201, 'V.30.15371.22081211154200', 15371, 30, 2, 'https://storage2.pitjarus.co/galderma/jsons/20220812/V.30.15371.22081211154200_2_1_display1_1.json'),
(202, 'V.30.15371.22081211154200', 15371, 30, 2, 'https://storage2.pitjarus.co/galderma/jsons/20220812/V.30.15371.22081211154200_2_2_display1_1.json'),
(203, 'V.56.7915.22081211164002', 7915, 56, 1, 'https://storage2.pitjarus.co/galderma/jsons/20220812/V.56.7915.22081211164002_1_1_display1_1.json'),
(204, 'V.56.7915.22081211164002', 7915, 56, 1, 'https://storage2.pitjarus.co/galderma/jsons/20220812/V.56.7915.22081211164002_1_2_display1_1.json'),
(205, 'V.56.7915.22081211164002', 7915, 56, 1, 'https://storage2.pitjarus.co/galderma/jsons/20220812/V.56.7915.22081211164002_1_2_display1_1.json'),
(206, 'V.56.7915.22081211164002', 7915, 56, 2, 'https://storage2.pitjarus.co/galderma/jsons/20220812/V.56.7915.22081211164002_2_1_display1_1.json'),
(207, 'V.62.5398.22081211171368', 5398, 62, 2, 'https://storage2.pitjarus.co/galderma/jsons/20220812/V.62.5398.22081211171368_2_1_display1_1.json'),
(208, 'V.69.5187.22081211175484', 5187, 69, 2, 'https://storage2.pitjarus.co/galderma/jsons/20220812/V.69.5187.22081211175484_2_1_display1_1.json'),
(209, 'V.23.13006.22081211190053', 13006, 23, 2, 'https://storage2.pitjarus.co/galderma/jsons/20220812/V.23.13006.22081211190053_2_1_display1_1.json'),
(210, 'V.23.13006.22081211190053', 13006, 23, 2, 'https://storage2.pitjarus.co/galderma/jsons/20220812/V.23.13006.22081211190053_2_1_display1_1.json'),
(211, 'V.60.15879.22081211194393', 15879, 60, 2, 'https://storage2.pitjarus.co/galderma/jsons/20220812/V.60.15879.22081211194393_2_1_display1_1.json'),
(212, 'V.60.15879.22081211194393', 15879, 60, 2, 'https://storage2.pitjarus.co/galderma/jsons/20220812/V.60.15879.22081211194393_2_2_display1_1.json'),
(213, 'V.8.15158.22081211194407', 15158, 8, 1, 'https://storage2.pitjarus.co/galderma/jsons/20220812/V.8.15158.22081211194407_1_1_display1_1.json'),
(214, 'V.8.15158.22081211194407', 15158, 8, 2, 'https://storage2.pitjarus.co/galderma/jsons/20220812/V.8.15158.22081211194407_2_1_display1_1.json'),
(215, 'V.8.15158.22081211194407', 15158, 8, 2, 'https://storage2.pitjarus.co/galderma/jsons/20220812/V.8.15158.22081211194407_2_2_display1_1.json'),
(216, 'V.28.2082.22081211195792', 2082, 28, 1, 'https://storage2.pitjarus.co/galderma/jsons/20220812/V.28.2082.22081211195792_1_1_display1_1.json'),
(217, 'V.28.2082.22081211195792', 2082, 28, 2, 'https://storage2.pitjarus.co/galderma/jsons/20220812/V.28.2082.22081211195792_2_1_display1_1.json'),
(218, 'V.28.2082.22081211195792', 2082, 28, 2, 'https://storage2.pitjarus.co/galderma/jsons/20220812/V.28.2082.22081211195792_2_2_display1_1.json'),
(219, 'V.28.2082.22081211195792', 2082, 28, 3, 'https://storage2.pitjarus.co/galderma/jsons/20220812/V.28.2082.22081211195792_3_2_display1_1.json'),
(220, 'V.28.2082.22081211195792', 2082, 28, 4, 'https://storage2.pitjarus.co/galderma/jsons/20220812/V.28.2082.22081211195792_4_1_display1_1.json'),
(221, 'V.28.2082.22081211195792', 2082, 28, 4, 'https://storage2.pitjarus.co/galderma/jsons/20220812/V.28.2082.22081211195792_4_2_display1_1.json'),
(222, 'V.9.102.22081211213290', 102, 9, 1, 'https://storage2.pitjarus.co/galderma/jsons/20220812/V.9.102.22081211213290_1_1_display1_1.json'),
(223, 'V.9.102.22081211213290', 102, 9, 1, 'https://storage2.pitjarus.co/galderma/jsons/20220812/V.9.102.22081211213290_1_2_display1_1.json'),
(224, 'V.9.102.22081211213290', 102, 9, 2, 'https://storage2.pitjarus.co/galderma/jsons/20220812/V.9.102.22081211213290_2_1_display1_1.json'),
(225, 'V.9.102.22081211213290', 102, 9, 2, 'https://storage2.pitjarus.co/galderma/jsons/20220812/V.9.102.22081211213290_2_1_display2_1.json'),
(226, 'V.9.102.22081211213290', 102, 9, 2, 'https://storage2.pitjarus.co/galderma/jsons/20220812/V.9.102.22081211213290_2_2_display1_1.json'),
(227, 'V.48.11596.22081211215874', 11596, 48, 2, 'https://storage2.pitjarus.co/galderma/jsons/20220812/V.48.11596.22081211215874_2_1_display1_1.json'),
(228, 'V.24.8163.22081211233976', 8163, 24, 2, 'https://storage2.pitjarus.co/galderma/jsons/20220812/V.24.8163.22081211233976_2_1_display1_1.json'),
(229, 'V.49.739.22081211261539', 739, 49, 2, 'https://storage2.pitjarus.co/galderma/jsons/20220812/V.49.739.22081211261539_2_1_display1_1.json'),
(230, 'V.49.739.22081211261539', 739, 49, 2, 'https://storage2.pitjarus.co/galderma/jsons/20220812/V.49.739.22081211261539_2_2_display1_1.json'),
(231, 'V.49.739.22081211261539', 739, 49, 2, 'https://storage2.pitjarus.co/galderma/jsons/20220812/V.49.739.22081211261539_2_2_display1_2.json'),
(232, 'V.94.17024.22081211262716', 17024, 94, 1, 'https://storage2.pitjarus.co/galderma/jsons/20220812/V.94.17024.22081211262716_1_1_display1_1.json'),
(233, 'V.94.17024.22081211262716', 17024, 94, 2, 'https://storage2.pitjarus.co/galderma/jsons/20220812/V.94.17024.22081211262716_2_1_display1_1.json'),
(234, 'V.32.13719.22081211291725', 13719, 32, 2, 'https://storage2.pitjarus.co/galderma/jsons/20220812/V.32.13719.22081211291725_2_1_display1_1.json'),
(235, 'V.66.14691.22081211323633', 14691, 66, 2, 'https://storage2.pitjarus.co/galderma/jsons/20220812/V.66.14691.22081211323633_2_1_display1_1.json'),
(236, 'V.69.10799.22081211352983', 10799, 69, 2, 'https://storage2.pitjarus.co/galderma/jsons/20220812/V.69.10799.22081211352983_2_1_display1_1.json'),
(237, 'V.42.1727.22081211382372', 1727, 42, 1, 'https://storage2.pitjarus.co/galderma/jsons/20220812/V.42.1727.22081211382372_1_1_display1_1.json'),
(238, 'V.42.1727.22081211382372', 1727, 42, 2, 'https://storage2.pitjarus.co/galderma/jsons/20220812/V.42.1727.22081211382372_2_1_display1_1.json'),
(239, 'V.42.1727.22081211382372', 1727, 42, 2, 'https://storage2.pitjarus.co/galderma/jsons/20220812/V.42.1727.22081211382372_2_2_display1_1.json'),
(240, 'V.94.17026.22081211424146', 17026, 94, 2, 'https://storage2.pitjarus.co/galderma/jsons/20220812/V.94.17026.22081211424146_2_1_display1_1.json'),
(241, 'V.94.17026.22081211424146', 17026, 94, 2, 'https://storage2.pitjarus.co/galderma/jsons/20220812/V.94.17026.22081211424146_2_1_display1_2.json'),
(242, 'V.94.17026.22081211424146', 17026, 94, 4, 'https://storage2.pitjarus.co/galderma/jsons/20220812/V.94.17026.22081211424146_4_1_display1_1.json'),
(243, 'V.30.11876.22081211450537', 11876, 30, 2, 'https://storage2.pitjarus.co/galderma/jsons/20220812/V.30.11876.22081211450537_2_1_display1_1.json'),
(244, 'V.66.16330.22081211451382', 16330, 66, 2, 'https://storage2.pitjarus.co/galderma/jsons/20220812/V.66.16330.22081211451382_2_1_display1_1.json'),
(245, 'V.24.8164.22081211455034', 8164, 24, 2, 'https://storage2.pitjarus.co/galderma/jsons/20220812/V.24.8164.22081211455034_2_1_display1_1.json'),
(246, 'V.56.14889.22081211494482', 14889, 56, 2, 'https://storage2.pitjarus.co/galderma/jsons/20220812/V.56.14889.22081211494482_2_1_display1_1.json'),
(247, 'V.56.14889.22081211494482', 14889, 56, 2, 'https://storage2.pitjarus.co/galderma/jsons/20220812/V.56.14889.22081211494482_2_1_display1_1.json'),
(248, 'V.50.682.22081211501574', 682, 50, 1, 'https://storage2.pitjarus.co/galderma/jsons/20220812/V.50.682.22081211501574_1_1_display1_1.json'),
(249, 'V.50.682.22081211501574', 682, 50, 2, 'https://storage2.pitjarus.co/galderma/jsons/20220812/V.50.682.22081211501574_2_1_display1_1.json'),
(250, 'V.50.682.22081211501574', 682, 50, 2, 'https://storage2.pitjarus.co/galderma/jsons/20220812/V.50.682.22081211501574_2_2_display1_1.json'),
(251, 'V.50.682.22081211501574', 682, 50, 2, 'https://storage2.pitjarus.co/galderma/jsons/20220812/V.50.682.22081211501574_2_2_display1_2.json'),
(252, 'V.50.682.22081211501574', 682, 50, 3, 'https://storage2.pitjarus.co/galderma/jsons/20220812/V.50.682.22081211501574_3_1_display1_1.json'),
(253, 'V.23.1490.22081211505478', 1490, 23, 1, 'https://storage2.pitjarus.co/galderma/jsons/20220812/V.23.1490.22081211505478_1_1_display1_1.json'),
(254, 'V.23.1490.22081211505478', 1490, 23, 1, 'https://storage2.pitjarus.co/galderma/jsons/20220812/V.23.1490.22081211505478_1_1_display2_1.json'),
(255, 'V.23.1490.22081211505478', 1490, 23, 1, 'https://storage2.pitjarus.co/galderma/jsons/20220812/V.23.1490.22081211505478_1_1_display1_1.json'),
(256, 'V.23.1490.22081211505478', 1490, 23, 1, 'https://storage2.pitjarus.co/galderma/jsons/20220812/V.23.1490.22081211505478_1_1_display2_1.json'),
(257, 'V.23.1490.22081211505478', 1490, 23, 2, 'https://storage2.pitjarus.co/galderma/jsons/20220812/V.23.1490.22081211505478_2_1_display1_1.json'),
(258, 'V.23.1490.22081211505478', 1490, 23, 2, 'https://storage2.pitjarus.co/galderma/jsons/20220812/V.23.1490.22081211505478_2_1_display2_1.json'),
(259, 'V.23.1490.22081211505478', 1490, 23, 2, 'https://storage2.pitjarus.co/galderma/jsons/20220812/V.23.1490.22081211505478_2_1_display1_1.json'),
(260, 'V.23.1490.22081211505478', 1490, 23, 2, 'https://storage2.pitjarus.co/galderma/jsons/20220812/V.23.1490.22081211505478_2_1_display2_1.json'),
(261, 'V.23.1490.22081211505478', 1490, 23, 2, 'https://storage2.pitjarus.co/galderma/jsons/20220812/V.23.1490.22081211505478_2_2_display1_1.json'),
(262, 'V.23.1490.22081211505478', 1490, 23, 2, 'https://storage2.pitjarus.co/galderma/jsons/20220812/V.23.1490.22081211505478_2_2_display1_1.json'),
(263, 'V.28.2080.22081211512990', 2080, 28, 1, 'https://storage2.pitjarus.co/galderma/jsons/20220812/V.28.2080.22081211512990_1_1_display1_1.json'),
(264, 'V.28.2080.22081211512990', 2080, 28, 1, 'https://storage2.pitjarus.co/galderma/jsons/20220812/V.28.2080.22081211512990_1_2_display1_1.json'),
(265, 'V.28.2080.22081211512990', 2080, 28, 2, 'https://storage2.pitjarus.co/galderma/jsons/20220812/V.28.2080.22081211512990_2_1_display1_1.json'),
(266, 'V.28.2080.22081211512990', 2080, 28, 4, 'https://storage2.pitjarus.co/galderma/jsons/20220812/V.28.2080.22081211512990_4_2_display1_1.json'),
(267, 'V.88.18.22081211524683', 18, 88, 2, 'https://storage2.pitjarus.co/galderma/jsons/20220812/V.88.18.22081211524683_2_1_display1_1.json'),
(268, 'V.88.18.22081211524683', 18, 88, 2, 'https://storage2.pitjarus.co/galderma/jsons/20220812/V.88.18.22081211524683_2_1_display2_1.json'),
(269, 'V.88.18.22081211524683', 18, 88, 3, 'https://storage2.pitjarus.co/galderma/jsons/20220812/V.88.18.22081211524683_3_1_display1_1.json'),
(270, 'V.90.16983.22081211553407', 16983, 90, 2, 'https://storage2.pitjarus.co/galderma/jsons/20220812/V.90.16983.22081211553407_2_1_display1_1.json'),
(271, 'V.90.16983.22081211553407', 16983, 90, 2, 'https://storage2.pitjarus.co/galderma/jsons/20220812/V.90.16983.22081211553407_2_2_display1_1.json'),
(272, 'V.54.1259.22081211553837', 1259, 54, 1, 'https://storage2.pitjarus.co/galderma/jsons/20220812/V.54.1259.22081211553837_1_1_display1_1.json'),
(273, 'V.54.1259.22081211553837', 1259, 54, 2, 'https://storage2.pitjarus.co/galderma/jsons/20220812/V.54.1259.22081211553837_2_1_display1_1.json'),
(274, 'V.54.1259.22081211553837', 1259, 54, 2, 'https://storage2.pitjarus.co/galderma/jsons/20220812/V.54.1259.22081211553837_2_1_display2_1.json'),
(275, 'V.54.1259.22081211553837', 1259, 54, 2, 'https://storage2.pitjarus.co/galderma/jsons/20220812/V.54.1259.22081211553837_2_2_display1_1.json'),
(276, 'V.32.1872.22081212000074', 1872, 32, 1, 'https://storage2.pitjarus.co/galderma/jsons/20220812/V.32.1872.22081212000074_1_1_display1_1.json'),
(277, 'V.32.1872.22081212000074', 1872, 32, 1, 'https://storage2.pitjarus.co/galderma/jsons/20220812/V.32.1872.22081212000074_1_2_display1_1.json'),
(278, 'V.32.1872.22081212000074', 1872, 32, 2, 'https://storage2.pitjarus.co/galderma/jsons/20220812/V.32.1872.22081212000074_2_1_display1_1.json'),
(279, 'V.32.1872.22081212000074', 1872, 32, 2, 'https://storage2.pitjarus.co/galderma/jsons/20220812/V.32.1872.22081212000074_2_2_display1_1.json'),
(280, 'V.32.1872.22081212000074', 1872, 32, 4, 'https://storage2.pitjarus.co/galderma/jsons/20220812/V.32.1872.22081212000074_4_1_display1_1.json'),
(281, 'V.24.14162.22081212031855', 14162, 24, 2, 'https://storage2.pitjarus.co/galderma/jsons/20220812/V.24.14162.22081212031855_2_1_display1_1.json'),
(282, 'V.85.10697.22081212042221', 10697, 85, 2, 'https://storage2.pitjarus.co/galderma/jsons/20220812/V.85.10697.22081212042221_2_1_display1_1.json'),
(283, 'V.41.1685.22081212044516', 1685, 41, 1, 'https://storage2.pitjarus.co/galderma/jsons/20220812/V.41.1685.22081212044516_1_1_display1_1.json'),
(284, 'V.41.1685.22081212044516', 1685, 41, 1, 'https://storage2.pitjarus.co/galderma/jsons/20220812/V.41.1685.22081212044516_1_2_display1_1.json'),
(285, 'V.41.1685.22081212044516', 1685, 41, 2, 'https://storage2.pitjarus.co/galderma/jsons/20220812/V.41.1685.22081212044516_2_1_display1_1.json'),
(286, 'V.41.1685.22081212044516', 1685, 41, 2, 'https://storage2.pitjarus.co/galderma/jsons/20220812/V.41.1685.22081212044516_2_2_display1_1.json'),
(287, 'V.9.16320.22081212060782', 16320, 9, 1, 'https://storage2.pitjarus.co/galderma/jsons/20220812/V.9.16320.22081212060782_1_1_display1_1.json'),
(288, 'V.9.16320.22081212060782', 16320, 9, 1, 'https://storage2.pitjarus.co/galderma/jsons/20220812/V.9.16320.22081212060782_1_2_display1_1.json'),
(289, 'V.9.16320.22081212060782', 16320, 9, 1, 'https://storage2.pitjarus.co/galderma/jsons/20220812/V.9.16320.22081212060782_1_2_display2_1.json'),
(290, 'V.9.16320.22081212060782', 16320, 9, 1, 'https://storage2.pitjarus.co/galderma/jsons/20220812/V.9.16320.22081212060782_1_2_display1_2.json'),
(291, 'V.9.16320.22081212060782', 16320, 9, 2, 'https://storage2.pitjarus.co/galderma/jsons/20220812/V.9.16320.22081212060782_2_1_display1_1.json'),
(292, 'V.9.16320.22081212060782', 16320, 9, 2, 'https://storage2.pitjarus.co/galderma/jsons/20220812/V.9.16320.22081212060782_2_1_display2_1.json'),
(293, 'V.9.16320.22081212060782', 16320, 9, 2, 'https://storage2.pitjarus.co/galderma/jsons/20220812/V.9.16320.22081212060782_2_1_display1_2.json'),
(294, 'V.9.16320.22081212060782', 16320, 9, 2, 'https://storage2.pitjarus.co/galderma/jsons/20220812/V.9.16320.22081212060782_2_2_display1_2.json'),
(295, 'V.9.16320.22081212060782', 16320, 9, 2, 'https://storage2.pitjarus.co/galderma/jsons/20220812/V.9.16320.22081212060782_2_2_display2_2.json'),
(296, 'V.9.16320.22081212060782', 16320, 9, 4, 'https://storage2.pitjarus.co/galderma/jsons/20220812/V.9.16320.22081212060782_4_1_display1_1.json'),
(297, 'V.9.16320.22081212060782', 16320, 9, 4, 'https://storage2.pitjarus.co/galderma/jsons/20220812/V.9.16320.22081212060782_4_2_display1_1.json'),
(298, 'V.49.15302.22081212072288', 15302, 49, 2, 'https://storage2.pitjarus.co/galderma/jsons/20220812/V.49.15302.22081212072288_2_1_display1_1.json'),
(299, 'V.49.15302.22081212072288', 15302, 49, 2, 'https://storage2.pitjarus.co/galderma/jsons/20220812/V.49.15302.22081212072288_2_1_display2_1.json'),
(300, 'V.28.2081.22081212091524', 2081, 28, 1, 'https://storage2.pitjarus.co/galderma/jsons/20220812/V.28.2081.22081212091524_1_1_display1_1.json'),
(301, 'V.28.2081.22081212091524', 2081, 28, 2, 'https://storage2.pitjarus.co/galderma/jsons/20220812/V.28.2081.22081212091524_2_2_display1_1.json'),
(302, 'V.28.2081.22081212091524', 2081, 28, 4, 'https://storage2.pitjarus.co/galderma/jsons/20220812/V.28.2081.22081212091524_4_1_display1_1.json'),
(303, 'V.28.2081.22081212091524', 2081, 28, 4, 'https://storage2.pitjarus.co/galderma/jsons/20220812/V.28.2081.22081212091524_4_2_display1_1.json'),
(304, 'V.47.13169.22081212114130', 13169, 47, 2, 'https://storage2.pitjarus.co/galderma/jsons/20220812/V.47.13169.22081212114130_2_1_display1_1.json'),
(305, 'V.47.8630.22081212195553', 8630, 47, 2, 'https://storage2.pitjarus.co/galderma/jsons/20220812/V.47.8630.22081212195553_2_1_display1_1.json'),
(306, 'V.8.184.22081212204404', 184, 8, 2, 'https://storage2.pitjarus.co/galderma/jsons/20220812/V.8.184.22081212204404_2_1_display1_1.json'),
(307, 'V.8.184.22081212204404', 184, 8, 2, 'https://storage2.pitjarus.co/galderma/jsons/20220812/V.8.184.22081212204404_2_2_display1_1.json'),
(308, 'V.8.184.22081212204404', 184, 8, 2, 'https://storage2.pitjarus.co/galderma/jsons/20220812/V.8.184.22081212204404_2_2_display2_1.json'),
(309, 'V.8.184.22081212204404', 184, 8, 3, 'https://storage2.pitjarus.co/galderma/jsons/20220812/V.8.184.22081212204404_3_1_display1_1.json'),
(310, 'V.8.184.22081212204404', 184, 8, 4, 'https://storage2.pitjarus.co/galderma/jsons/20220812/V.8.184.22081212204404_4_1_display1_1.json'),
(311, 'V.94.17027.22081212211408', 17027, 94, 2, 'https://storage2.pitjarus.co/galderma/jsons/20220812/V.94.17027.22081212211408_2_1_display1_1.json'),
(312, 'V.94.17027.22081212211408', 17027, 94, 2, 'https://storage2.pitjarus.co/galderma/jsons/20220812/V.94.17027.22081212211408_2_1_display1_2.json'),
(313, 'V.48.5681.22081212214280', 5681, 48, 2, 'https://storage2.pitjarus.co/galderma/jsons/20220812/V.48.5681.22081212214280_2_1_display1_1.json'),
(314, 'V.48.5681.22081212214280', 5681, 48, 2, 'https://storage2.pitjarus.co/galderma/jsons/20220812/V.48.5681.22081212214280_2_2_display1_1.json'),
(315, 'V.24.8165.22081212224248', 8165, 24, 2, 'https://storage2.pitjarus.co/galderma/jsons/20220812/V.24.8165.22081212224248_2_1_display1_1.json'),
(316, 'V.90.16351.22081212225663', 16351, 90, 1, 'https://storage2.pitjarus.co/galderma/jsons/20220812/V.90.16351.22081212225663_1_1_display1_1.json'),
(317, 'V.90.16351.22081212225663', 16351, 90, 2, 'https://storage2.pitjarus.co/galderma/jsons/20220812/V.90.16351.22081212225663_2_1_display1_1.json'),
(318, 'V.90.16351.22081212225663', 16351, 90, 2, 'https://storage2.pitjarus.co/galderma/jsons/20220812/V.90.16351.22081212225663_2_2_display1_1.json'),
(319, 'V.12.367.22081212281563', 367, 12, 1, 'https://storage2.pitjarus.co/galderma/jsons/20220812/V.12.367.22081212281563_1_1_display1_1.json'),
(320, 'V.12.367.22081212281563', 367, 12, 1, 'https://storage2.pitjarus.co/galderma/jsons/20220812/V.12.367.22081212281563_1_1_display2_1.json'),
(321, 'V.12.367.22081212281563', 367, 12, 1, 'https://storage2.pitjarus.co/galderma/jsons/20220812/V.12.367.22081212281563_1_2_display1_1.json'),
(322, 'V.12.367.22081212281563', 367, 12, 2, 'https://storage2.pitjarus.co/galderma/jsons/20220812/V.12.367.22081212281563_2_1_display1_1.json'),
(323, 'V.12.367.22081212281563', 367, 12, 2, 'https://storage2.pitjarus.co/galderma/jsons/20220812/V.12.367.22081212281563_2_1_display2_1.json'),
(324, 'V.12.367.22081212281563', 367, 12, 2, 'https://storage2.pitjarus.co/galderma/jsons/20220812/V.12.367.22081212281563_2_2_display1_1.json'),
(325, 'V.63.10121.22081212290876', 10121, 63, 2, 'https://storage2.pitjarus.co/galderma/jsons/20220812/V.63.10121.22081212290876_2_1_display1_1.json'),
(326, 'V.88.17091.22081212303210', 17091, 88, 1, 'https://storage2.pitjarus.co/galderma/jsons/20220812/V.88.17091.22081212303210_1_1_display1_1.json'),
(327, 'V.88.17091.22081212303210', 17091, 88, 1, 'https://storage2.pitjarus.co/galderma/jsons/20220812/V.88.17091.22081212303210_1_2_display1_1.json'),
(328, 'V.88.17091.22081212303210', 17091, 88, 2, 'https://storage2.pitjarus.co/galderma/jsons/20220812/V.88.17091.22081212303210_2_1_display1_1.json'),
(329, 'V.88.17091.22081212303210', 17091, 88, 2, 'https://storage2.pitjarus.co/galderma/jsons/20220812/V.88.17091.22081212303210_2_2_display1_1.json'),
(330, 'V.90.16692.22081212325029', 16692, 90, 2, 'https://storage2.pitjarus.co/galderma/jsons/20220812/V.90.16692.22081212325029_2_1_display1_1.json'),
(331, 'V.90.16692.22081212325029', 16692, 90, 2, 'https://storage2.pitjarus.co/galderma/jsons/20220812/V.90.16692.22081212325029_2_2_display1_1.json'),
(332, 'V.50.16850.22081212355213', 16850, 50, 1, 'https://storage2.pitjarus.co/galderma/jsons/20220812/V.50.16850.22081212355213_1_2_display1_1.json'),
(333, 'V.50.16850.22081212355213', 16850, 50, 2, 'https://storage2.pitjarus.co/galderma/jsons/20220812/V.50.16850.22081212355213_2_1_display1_1.json'),
(334, 'V.50.16850.22081212355213', 16850, 50, 2, 'https://storage2.pitjarus.co/galderma/jsons/20220812/V.50.16850.22081212355213_2_2_display1_1.json'),
(335, 'V.50.16850.22081212355213', 16850, 50, 4, 'https://storage2.pitjarus.co/galderma/jsons/20220812/V.50.16850.22081212355213_4_1_display1_1.json'),
(336, 'V.28.4622.22081212371667', 4622, 28, 1, 'https://storage2.pitjarus.co/galderma/jsons/20220812/V.28.4622.22081212371667_1_1_display1_1.json'),
(337, 'V.28.4622.22081212371667', 4622, 28, 1, 'https://storage2.pitjarus.co/galderma/jsons/20220812/V.28.4622.22081212371667_1_2_display1_1.json'),
(338, 'V.28.4622.22081212371667', 4622, 28, 2, 'https://storage2.pitjarus.co/galderma/jsons/20220812/V.28.4622.22081212371667_2_1_display1_1.json'),
(339, 'V.28.4622.22081212371667', 4622, 28, 2, 'https://storage2.pitjarus.co/galderma/jsons/20220812/V.28.4622.22081212371667_2_2_display1_1.json');
INSERT INTO `report_display` (`id`, `visit_id`, `store_id`, `surveyor_id`, `category_id`, `json_path`) VALUES
(340, 'V.41.15290.22081212383084', 15290, 41, 1, 'https://storage2.pitjarus.co/galderma/jsons/20220812/V.41.15290.22081212383084_1_1_display1_1.json'),
(341, 'V.41.15290.22081212383084', 15290, 41, 2, 'https://storage2.pitjarus.co/galderma/jsons/20220812/V.41.15290.22081212383084_2_1_display1_1.json'),
(342, 'V.47.4134.22081212415575', 4134, 47, 2, 'https://storage2.pitjarus.co/galderma/jsons/20220812/V.47.4134.22081212415575_2_1_display1_1.json'),
(343, 'V.8.186.22081212430101', 186, 8, 2, 'https://storage2.pitjarus.co/galderma/jsons/20220812/V.8.186.22081212430101_2_1_display1_1.json'),
(344, 'V.8.186.22081212430101', 186, 8, 2, 'https://storage2.pitjarus.co/galderma/jsons/20220812/V.8.186.22081212430101_2_1_display2_1.json'),
(345, 'V.8.186.22081212430101', 186, 8, 2, 'https://storage2.pitjarus.co/galderma/jsons/20220812/V.8.186.22081212430101_2_1_display1_2.json'),
(346, 'V.8.186.22081212430101', 186, 8, 2, 'https://storage2.pitjarus.co/galderma/jsons/20220812/V.8.186.22081212430101_2_2_display1_1.json'),
(347, 'V.31.16605.22081212435484', 16605, 31, 2, 'https://storage2.pitjarus.co/galderma/jsons/20220812/V.31.16605.22081212435484_2_1_display1_1.json'),
(348, 'V.45.15180.22081212452973', 15180, 45, 2, 'https://storage2.pitjarus.co/galderma/jsons/20220812/V.45.15180.22081212452973_2_1_display1_1.json'),
(349, 'V.45.15180.22081212452973', 15180, 45, 2, 'https://storage2.pitjarus.co/galderma/jsons/20220812/V.45.15180.22081212452973_2_1_display2_1.json'),
(350, 'V.31.8057.22081212465685', 8057, 31, 2, 'https://storage2.pitjarus.co/galderma/jsons/20220812/V.31.8057.22081212465685_2_1_display1_1.json'),
(351, 'V.43.14053.22081212493059', 14053, 43, 2, 'https://storage2.pitjarus.co/galderma/jsons/20220812/V.43.14053.22081212493059_2_1_display1_1.json'),
(352, 'V.43.14053.22081212493059', 14053, 43, 2, 'https://storage2.pitjarus.co/galderma/jsons/20220812/V.43.14053.22081212493059_2_2_display1_1.json'),
(353, 'V.42.1814.22081212494416', 1814, 42, 2, 'https://storage2.pitjarus.co/galderma/jsons/20220812/V.42.1814.22081212494416_2_1_display1_1.json'),
(354, 'V.42.1814.22081212494416', 1814, 42, 2, 'https://storage2.pitjarus.co/galderma/jsons/20220812/V.42.1814.22081212494416_2_2_display1_1.json'),
(355, 'V.42.1814.22081212494416', 1814, 42, 2, 'https://storage2.pitjarus.co/galderma/jsons/20220812/V.42.1814.22081212494416_2_2_display1_2.json'),
(356, 'V.45.15664.22081212511602', 15664, 45, 1, 'https://storage2.pitjarus.co/galderma/jsons/20220812/V.45.15664.22081212511602_1_1_display1_1.json'),
(357, 'V.45.15664.22081212511602', 15664, 45, 1, 'https://storage2.pitjarus.co/galderma/jsons/20220812/V.45.15664.22081212511602_1_1_display2_1.json'),
(358, 'V.45.15664.22081212511602', 15664, 45, 2, 'https://storage2.pitjarus.co/galderma/jsons/20220812/V.45.15664.22081212511602_2_1_display1_1.json'),
(359, 'V.45.15664.22081212511602', 15664, 45, 2, 'https://storage2.pitjarus.co/galderma/jsons/20220812/V.45.15664.22081212511602_2_1_display2_1.json'),
(360, 'V.85.432.22081212522183', 432, 85, 1, 'https://storage2.pitjarus.co/galderma/jsons/20220812/V.85.432.22081212522183_1_1_display1_1.json'),
(361, 'V.85.432.22081212522183', 432, 85, 2, 'https://storage2.pitjarus.co/galderma/jsons/20220812/V.85.432.22081212522183_2_1_display1_1.json'),
(362, 'V.23.14920.22081212522962', 14920, 23, 2, 'https://storage2.pitjarus.co/galderma/jsons/20220812/V.23.14920.22081212522962_2_1_display1_1.json'),
(363, 'V.23.14920.22081212522962', 14920, 23, 2, 'https://storage2.pitjarus.co/galderma/jsons/20220812/V.23.14920.22081212522962_2_1_display1_1.json'),
(364, 'V.24.767.22081212525770', 767, 24, 1, 'https://storage2.pitjarus.co/galderma/jsons/20220812/V.24.767.22081212525770_1_1_display1_1.json'),
(365, 'V.24.767.22081212525770', 767, 24, 1, 'https://storage2.pitjarus.co/galderma/jsons/20220812/V.24.767.22081212525770_1_2_display1_1.json'),
(366, 'V.24.767.22081212525770', 767, 24, 2, 'https://storage2.pitjarus.co/galderma/jsons/20220812/V.24.767.22081212525770_2_1_display1_1.json'),
(367, 'V.24.767.22081212525770', 767, 24, 2, 'https://storage2.pitjarus.co/galderma/jsons/20220812/V.24.767.22081212525770_2_2_display1_1.json'),
(368, 'V.8.187.22081212531811', 187, 8, 2, 'https://storage2.pitjarus.co/galderma/jsons/20220812/V.8.187.22081212531811_2_1_display1_1.json'),
(369, 'V.8.187.22081212531811', 187, 8, 2, 'https://storage2.pitjarus.co/galderma/jsons/20220812/V.8.187.22081212531811_2_1_display2_1.json'),
(370, 'V.8.187.22081212531811', 187, 8, 2, 'https://storage2.pitjarus.co/galderma/jsons/20220812/V.8.187.22081212531811_2_1_display1_2.json'),
(371, 'V.8.187.22081212531811', 187, 8, 2, 'https://storage2.pitjarus.co/galderma/jsons/20220812/V.8.187.22081212531811_2_2_display1_1.json'),
(372, 'V.88.15758.22081212592158', 15758, 88, 1, 'https://storage2.pitjarus.co/galderma/jsons/20220812/V.88.15758.22081212592158_1_1_display1_1.json'),
(373, 'V.88.15758.22081212592158', 15758, 88, 2, 'https://storage2.pitjarus.co/galderma/jsons/20220812/V.88.15758.22081212592158_2_1_display1_1.json'),
(374, 'V.42.2503.22081213011479', 2503, 42, 2, 'https://storage2.pitjarus.co/galderma/jsons/20220812/V.42.2503.22081213011479_2_1_display1_1.json'),
(375, 'V.42.2503.22081213011479', 2503, 42, 2, 'https://storage2.pitjarus.co/galderma/jsons/20220812/V.42.2503.22081213011479_2_2_display1_1.json'),
(376, 'V.42.2503.22081213011479', 2503, 42, 2, 'https://storage2.pitjarus.co/galderma/jsons/20220812/V.42.2503.22081213011479_2_2_display1_2.json'),
(377, 'V.62.3941.22081213032036', 3941, 62, 1, 'https://storage2.pitjarus.co/galderma/jsons/20220812/V.62.3941.22081213032036_1_1_display1_1.json'),
(378, 'V.62.3941.22081213032036', 3941, 62, 2, 'https://storage2.pitjarus.co/galderma/jsons/20220812/V.62.3941.22081213032036_2_1_display1_1.json'),
(379, 'V.62.3941.22081213032036', 3941, 62, 2, 'https://storage2.pitjarus.co/galderma/jsons/20220812/V.62.3941.22081213032036_2_2_display1_1.json'),
(380, 'V.30.1127.22081213065352', 1127, 30, 1, 'https://storage2.pitjarus.co/galderma/jsons/20220812/V.30.1127.22081213065352_1_1_display1_1.json'),
(381, 'V.30.1127.22081213065352', 1127, 30, 1, 'https://storage2.pitjarus.co/galderma/jsons/20220812/V.30.1127.22081213065352_1_2_display1_1.json'),
(382, 'V.30.1127.22081213065352', 1127, 30, 2, 'https://storage2.pitjarus.co/galderma/jsons/20220812/V.30.1127.22081213065352_2_1_display1_1.json'),
(383, 'V.30.1127.22081213065352', 1127, 30, 2, 'https://storage2.pitjarus.co/galderma/jsons/20220812/V.30.1127.22081213065352_2_1_display2_1.json'),
(384, 'V.30.1127.22081213065352', 1127, 30, 2, 'https://storage2.pitjarus.co/galderma/jsons/20220812/V.30.1127.22081213065352_2_1_display1_2.json'),
(385, 'V.30.1127.22081213065352', 1127, 30, 2, 'https://storage2.pitjarus.co/galderma/jsons/20220812/V.30.1127.22081213065352_2_2_display1_1.json'),
(386, 'V.30.1127.22081213065352', 1127, 30, 2, 'https://storage2.pitjarus.co/galderma/jsons/20220812/V.30.1127.22081213065352_2_2_display2_1.json'),
(387, 'V.30.1127.22081213065352', 1127, 30, 2, 'https://storage2.pitjarus.co/galderma/jsons/20220812/V.30.1127.22081213065352_2_2_display1_2.json'),
(388, 'V.30.1127.22081213065352', 1127, 30, 4, 'https://storage2.pitjarus.co/galderma/jsons/20220812/V.30.1127.22081213065352_4_1_display1_1.json'),
(389, 'V.30.1127.22081213065352', 1127, 30, 4, 'https://storage2.pitjarus.co/galderma/jsons/20220812/V.30.1127.22081213065352_4_2_display1_1.json'),
(390, 'V.63.10085.22081213101019', 10085, 63, 2, 'https://storage2.pitjarus.co/galderma/jsons/20220812/V.63.10085.22081213101019_2_1_display1_1.json'),
(391, 'V.43.2070.22081213163383', 2070, 43, 1, 'https://storage2.pitjarus.co/galderma/jsons/20220812/V.43.2070.22081213163383_1_1_display1_1.json'),
(392, 'V.43.2070.22081213163383', 2070, 43, 1, 'https://storage2.pitjarus.co/galderma/jsons/20220812/V.43.2070.22081213163383_1_2_display1_1.json'),
(393, 'V.43.2070.22081213163383', 2070, 43, 2, 'https://storage2.pitjarus.co/galderma/jsons/20220812/V.43.2070.22081213163383_2_1_display1_1.json'),
(394, 'V.43.2070.22081213163383', 2070, 43, 2, 'https://storage2.pitjarus.co/galderma/jsons/20220812/V.43.2070.22081213163383_2_2_display1_1.json'),
(395, 'V.43.2070.22081213163383', 2070, 43, 4, 'https://storage2.pitjarus.co/galderma/jsons/20220812/V.43.2070.22081213163383_4_1_display1_1.json'),
(396, 'V.43.2070.22081213163383', 2070, 43, 4, 'https://storage2.pitjarus.co/galderma/jsons/20220812/V.43.2070.22081213163383_4_2_display1_1.json'),
(397, 'V.8.5147.22081213163862', 5147, 8, 1, 'https://storage2.pitjarus.co/galderma/jsons/20220812/V.8.5147.22081213163862_1_1_display1_2.json'),
(398, 'V.8.5147.22081213163862', 5147, 8, 2, 'https://storage2.pitjarus.co/galderma/jsons/20220812/V.8.5147.22081213163862_2_1_display1_1.json'),
(399, 'V.8.5147.22081213163862', 5147, 8, 2, 'https://storage2.pitjarus.co/galderma/jsons/20220812/V.8.5147.22081213163862_2_1_display2_1.json'),
(400, 'V.8.5147.22081213163862', 5147, 8, 2, 'https://storage2.pitjarus.co/galderma/jsons/20220812/V.8.5147.22081213163862_2_2_display1_1.json'),
(401, 'V.8.5147.22081213163862', 5147, 8, 4, 'https://storage2.pitjarus.co/galderma/jsons/20220812/V.8.5147.22081213163862_4_1_display1_1.json'),
(402, 'V.56.14890.22081213190759', 14890, 56, 2, 'https://storage2.pitjarus.co/galderma/jsons/20220812/V.56.14890.22081213190759_2_1_display1_1.json'),
(403, 'V.48.14970.22081213210980', 14970, 48, 2, 'https://storage2.pitjarus.co/galderma/jsons/20220812/V.48.14970.22081213210980_2_1_display1_1.json'),
(404, 'V.45.1776.22081213212024', 1776, 45, 1, 'https://storage2.pitjarus.co/galderma/jsons/20220812/V.45.1776.22081213212024_1_1_display1_1.json'),
(405, 'V.45.1776.22081213212024', 1776, 45, 1, 'https://storage2.pitjarus.co/galderma/jsons/20220812/V.45.1776.22081213212024_1_1_display2_1.json'),
(406, 'V.45.1776.22081213212024', 1776, 45, 2, 'https://storage2.pitjarus.co/galderma/jsons/20220812/V.45.1776.22081213212024_2_1_display1_1.json'),
(407, 'V.45.1776.22081213212024', 1776, 45, 2, 'https://storage2.pitjarus.co/galderma/jsons/20220812/V.45.1776.22081213212024_2_1_display2_1.json'),
(408, 'V.66.15936.22081213213304', 15936, 66, 2, 'https://storage2.pitjarus.co/galderma/jsons/20220812/V.66.15936.22081213213304_2_1_display1_1.json'),
(409, 'V.66.15936.22081213213304', 15936, 66, 2, 'https://storage2.pitjarus.co/galderma/jsons/20220812/V.66.15936.22081213213304_2_1_display1_1.json'),
(410, 'V.88.19.22081213242960', 19, 88, 2, 'https://storage2.pitjarus.co/galderma/jsons/20220812/V.88.19.22081213242960_2_1_display1_1.json'),
(411, 'V.88.19.22081213242960', 19, 88, 2, 'https://storage2.pitjarus.co/galderma/jsons/20220812/V.88.19.22081213242960_2_2_display1_1.json'),
(412, 'V.49.16874.22081213252650', 16874, 49, 2, 'https://storage2.pitjarus.co/galderma/jsons/20220812/V.49.16874.22081213252650_2_1_display1_1.json'),
(413, 'V.49.16874.22081213252650', 16874, 49, 2, 'https://storage2.pitjarus.co/galderma/jsons/20220812/V.49.16874.22081213252650_2_2_display1_1.json'),
(414, 'V.49.16874.22081213252650', 16874, 49, 2, 'https://storage2.pitjarus.co/galderma/jsons/20220812/V.49.16874.22081213252650_2_2_display1_2.json'),
(415, 'V.49.16874.22081213252650', 16874, 49, 3, 'https://storage2.pitjarus.co/galderma/jsons/20220812/V.49.16874.22081213252650_3_1_display1_1.json'),
(416, 'V.9.5043.22081213272607', 5043, 9, 1, 'https://storage2.pitjarus.co/galderma/jsons/20220812/V.9.5043.22081213272607_1_1_display1_1.json'),
(417, 'V.9.5043.22081213272607', 5043, 9, 1, 'https://storage2.pitjarus.co/galderma/jsons/20220812/V.9.5043.22081213272607_1_2_display1_1.json'),
(418, 'V.9.5043.22081213272607', 5043, 9, 2, 'https://storage2.pitjarus.co/galderma/jsons/20220812/V.9.5043.22081213272607_2_1_display1_1.json'),
(419, 'V.9.5043.22081213272607', 5043, 9, 2, 'https://storage2.pitjarus.co/galderma/jsons/20220812/V.9.5043.22081213272607_2_2_display1_1.json'),
(420, 'V.90.16984.22081213283091', 16984, 90, 2, 'https://storage2.pitjarus.co/galderma/jsons/20220812/V.90.16984.22081213283091_2_1_display1_1.json'),
(421, 'V.90.16984.22081213283091', 16984, 90, 2, 'https://storage2.pitjarus.co/galderma/jsons/20220812/V.90.16984.22081213283091_2_2_display1_1.json'),
(422, 'V.23.1488.22081213314692', 1488, 23, 1, 'https://storage2.pitjarus.co/galderma/jsons/20220812/V.23.1488.22081213314692_1_1_display1_1.json'),
(423, 'V.23.1488.22081213314692', 1488, 23, 1, 'https://storage2.pitjarus.co/galderma/jsons/20220812/V.23.1488.22081213314692_1_1_display1_1.json'),
(424, 'V.23.1488.22081213314692', 1488, 23, 2, 'https://storage2.pitjarus.co/galderma/jsons/20220812/V.23.1488.22081213314692_2_1_display1_1.json'),
(425, 'V.23.1488.22081213314692', 1488, 23, 2, 'https://storage2.pitjarus.co/galderma/jsons/20220812/V.23.1488.22081213314692_2_1_display2_1.json'),
(426, 'V.23.1488.22081213314692', 1488, 23, 2, 'https://storage2.pitjarus.co/galderma/jsons/20220812/V.23.1488.22081213314692_2_1_display1_1.json'),
(427, 'V.23.1488.22081213314692', 1488, 23, 2, 'https://storage2.pitjarus.co/galderma/jsons/20220812/V.23.1488.22081213314692_2_1_display2_1.json'),
(428, 'V.23.1488.22081213314692', 1488, 23, 2, 'https://storage2.pitjarus.co/galderma/jsons/20220812/V.23.1488.22081213314692_2_2_display1_1.json'),
(429, 'V.23.1488.22081213314692', 1488, 23, 2, 'https://storage2.pitjarus.co/galderma/jsons/20220812/V.23.1488.22081213314692_2_2_display1_1.json'),
(430, 'V.50.679.22081213314800', 679, 50, 2, 'https://storage2.pitjarus.co/galderma/jsons/20220812/V.50.679.22081213314800_2_1_display1_1.json'),
(431, 'V.50.679.22081213314800', 679, 50, 2, 'https://storage2.pitjarus.co/galderma/jsons/20220812/V.50.679.22081213314800_2_2_display1_1.json'),
(432, 'V.50.679.22081213314800', 679, 50, 2, 'https://storage2.pitjarus.co/galderma/jsons/20220812/V.50.679.22081213314800_2_2_display1_2.json'),
(433, 'V.42.1643.22081213343875', 1643, 42, 1, 'https://storage2.pitjarus.co/galderma/jsons/20220812/V.42.1643.22081213343875_1_1_display1_1.json'),
(434, 'V.42.1643.22081213343875', 1643, 42, 2, 'https://storage2.pitjarus.co/galderma/jsons/20220812/V.42.1643.22081213343875_2_1_display1_1.json'),
(435, 'V.42.1643.22081213343875', 1643, 42, 2, 'https://storage2.pitjarus.co/galderma/jsons/20220812/V.42.1643.22081213343875_2_2_display1_1.json'),
(436, 'V.42.1643.22081213343875', 1643, 42, 2, 'https://storage2.pitjarus.co/galderma/jsons/20220812/V.42.1643.22081213343875_2_2_display1_2.json'),
(437, 'V.42.1643.22081213343875', 1643, 42, 3, 'https://storage2.pitjarus.co/galderma/jsons/20220812/V.42.1643.22081213343875_3_1_display1_1.json'),
(438, 'V.56.15572.22081213350851', 15572, 56, 2, 'https://storage2.pitjarus.co/galderma/jsons/20220812/V.56.15572.22081213350851_2_1_display1_1.json'),
(439, 'V.56.15572.22081213350851', 15572, 56, 4, 'https://storage2.pitjarus.co/galderma/jsons/20220812/V.56.15572.22081213350851_4_1_display1_1.json'),
(440, 'V.94.17029.22081213390111', 17029, 94, 2, 'https://storage2.pitjarus.co/galderma/jsons/20220812/V.94.17029.22081213390111_2_1_display1_1.json'),
(441, 'V.94.17029.22081213390111', 17029, 94, 2, 'https://storage2.pitjarus.co/galderma/jsons/20220812/V.94.17029.22081213390111_2_1_display1_2.json'),
(442, 'V.85.10698.22081213392556', 10698, 85, 2, 'https://storage2.pitjarus.co/galderma/jsons/20220812/V.85.10698.22081213392556_2_1_display1_1.json'),
(443, 'V.60.14515.22081213410404', 14515, 60, 2, 'https://storage2.pitjarus.co/galderma/jsons/20220812/V.60.14515.22081213410404_2_1_display1_1.json'),
(444, 'V.63.10185.22081213442016', 10185, 63, 2, 'https://storage2.pitjarus.co/galderma/jsons/20220812/V.63.10185.22081213442016_2_1_display1_1.json'),
(445, 'V.42.1642.22081213453054', 1642, 42, 2, 'https://storage2.pitjarus.co/galderma/jsons/20220812/V.42.1642.22081213453054_2_1_display1_1.json'),
(446, 'V.42.1642.22081213453054', 1642, 42, 2, 'https://storage2.pitjarus.co/galderma/jsons/20220812/V.42.1642.22081213453054_2_2_display1_1.json'),
(447, 'V.30.1171.22081213472429', 1171, 30, 1, 'https://storage2.pitjarus.co/galderma/jsons/20220812/V.30.1171.22081213472429_1_2_display1_1.json'),
(448, 'V.30.1171.22081213472429', 1171, 30, 2, 'https://storage2.pitjarus.co/galderma/jsons/20220812/V.30.1171.22081213472429_2_1_display1_1.json'),
(449, 'V.30.1171.22081213472429', 1171, 30, 2, 'https://storage2.pitjarus.co/galderma/jsons/20220812/V.30.1171.22081213472429_2_2_display1_1.json'),
(450, 'V.66.16947.22081213480272', 16947, 66, 2, 'https://storage2.pitjarus.co/galderma/jsons/20220812/V.66.16947.22081213480272_2_1_display1_1.json'),
(451, 'V.66.16947.22081213480272', 16947, 66, 2, 'https://storage2.pitjarus.co/galderma/jsons/20220812/V.66.16947.22081213480272_2_1_display1_1.json'),
(452, 'V.60.10810.22081213481964', 10810, 60, 2, 'https://storage2.pitjarus.co/galderma/jsons/20220812/V.60.10810.22081213481964_2_1_display1_1.json'),
(453, 'V.60.10810.22081213481964', 10810, 60, 2, 'https://storage2.pitjarus.co/galderma/jsons/20220812/V.60.10810.22081213481964_2_2_display1_1.json'),
(454, 'V.47.4135.22081213485055', 4135, 47, 1, 'https://storage2.pitjarus.co/galderma/jsons/20220812/V.47.4135.22081213485055_1_1_display1_1.json'),
(455, 'V.47.4135.22081213485055', 4135, 47, 1, 'https://storage2.pitjarus.co/galderma/jsons/20220812/V.47.4135.22081213485055_1_2_display1_1.json'),
(456, 'V.47.4135.22081213485055', 4135, 47, 2, 'https://storage2.pitjarus.co/galderma/jsons/20220812/V.47.4135.22081213485055_2_1_display1_1.json'),
(457, 'V.47.4135.22081213485055', 4135, 47, 2, 'https://storage2.pitjarus.co/galderma/jsons/20220812/V.47.4135.22081213485055_2_2_display1_1.json'),
(458, 'V.82.7695.22081213485461', 7695, 82, 1, 'https://storage2.pitjarus.co/galderma/jsons/20220812/V.82.7695.22081213485461_1_1_display1_1.json'),
(459, 'V.82.7695.22081213485461', 7695, 82, 1, 'https://storage2.pitjarus.co/galderma/jsons/20220812/V.82.7695.22081213485461_1_2_display1_1.json'),
(460, 'V.82.7695.22081213485461', 7695, 82, 2, 'https://storage2.pitjarus.co/galderma/jsons/20220812/V.82.7695.22081213485461_2_1_display1_1.json'),
(461, 'V.54.14980.22081213491316', 14980, 54, 2, 'https://storage2.pitjarus.co/galderma/jsons/20220812/V.54.14980.22081213491316_2_1_display1_1.json'),
(462, 'V.32.1337.22081213521966', 1337, 32, 1, 'https://storage2.pitjarus.co/galderma/jsons/20220812/V.32.1337.22081213521966_1_2_display1_1.json'),
(463, 'V.32.1337.22081213521966', 1337, 32, 2, 'https://storage2.pitjarus.co/galderma/jsons/20220812/V.32.1337.22081213521966_2_1_display1_1.json'),
(464, 'V.32.1337.22081213521966', 1337, 32, 2, 'https://storage2.pitjarus.co/galderma/jsons/20220812/V.32.1337.22081213521966_2_2_display1_1.json'),
(465, 'V.94.5076.22081213533927', 5076, 94, 2, 'https://storage2.pitjarus.co/galderma/jsons/20220812/V.94.5076.22081213533927_2_1_display1_1.json'),
(466, 'V.62.10032.22081213551074', 10032, 62, 2, 'https://storage2.pitjarus.co/galderma/jsons/20220812/V.62.10032.22081213551074_2_1_display1_1.json'),
(467, 'V.88.6900.22081213563852', 6900, 88, 1, 'https://storage2.pitjarus.co/galderma/jsons/20220812/V.88.6900.22081213563852_1_1_display1_1.json'),
(468, 'V.88.6900.22081213563852', 6900, 88, 2, 'https://storage2.pitjarus.co/galderma/jsons/20220812/V.88.6900.22081213563852_2_1_display1_1.json'),
(469, 'V.88.6900.22081213563852', 6900, 88, 2, 'https://storage2.pitjarus.co/galderma/jsons/20220812/V.88.6900.22081213563852_2_1_display2_1.json'),
(470, 'V.88.6900.22081213563852', 6900, 88, 2, 'https://storage2.pitjarus.co/galderma/jsons/20220812/V.88.6900.22081213563852_2_2_display1_1.json'),
(471, 'V.88.6900.22081213563852', 6900, 88, 4, 'https://storage2.pitjarus.co/galderma/jsons/20220812/V.88.6900.22081213563852_4_2_display1_1.json'),
(472, 'V.24.14749.22081214033237', 14749, 24, 2, 'https://storage2.pitjarus.co/galderma/jsons/20220812/V.24.14749.22081214033237_2_1_display1_1.json'),
(473, 'V.24.14749.22081214033237', 14749, 24, 2, 'https://storage2.pitjarus.co/galderma/jsons/20220812/V.24.14749.22081214033237_2_2_display1_1.json'),
(474, 'V.24.14749.22081214033237', 14749, 24, 2, 'https://storage2.pitjarus.co/galderma/jsons/20220812/V.24.14749.22081214033237_2_2_display1_2.json'),
(475, 'V.42.16824.22081214035194', 16824, 42, 1, 'https://storage2.pitjarus.co/galderma/jsons/20220812/V.42.16824.22081214035194_1_1_display1_1.json'),
(476, 'V.42.16824.22081214035194', 16824, 42, 2, 'https://storage2.pitjarus.co/galderma/jsons/20220812/V.42.16824.22081214035194_2_1_display1_1.json'),
(477, 'V.42.16824.22081214035194', 16824, 42, 2, 'https://storage2.pitjarus.co/galderma/jsons/20220812/V.42.16824.22081214035194_2_2_display1_1.json'),
(478, 'V.60.11720.22081214061113', 11720, 60, 2, 'https://storage2.pitjarus.co/galderma/jsons/20220812/V.60.11720.22081214061113_2_1_display1_1.json'),
(479, 'V.54.5298.22081214074193', 5298, 54, 2, 'https://storage2.pitjarus.co/galderma/jsons/20220812/V.54.5298.22081214074193_2_1_display1_1.json'),
(480, 'V.69.4634.22081214080435', 4634, 69, 1, 'https://storage2.pitjarus.co/galderma/jsons/20220812/V.69.4634.22081214080435_1_1_display1_1.json'),
(481, 'V.69.4634.22081214080435', 4634, 69, 1, 'https://storage2.pitjarus.co/galderma/jsons/20220812/V.69.4634.22081214080435_1_2_display1_1.json'),
(482, 'V.69.4634.22081214080435', 4634, 69, 2, 'https://storage2.pitjarus.co/galderma/jsons/20220812/V.69.4634.22081214080435_2_1_display1_1.json'),
(483, 'V.69.4634.22081214080435', 4634, 69, 2, 'https://storage2.pitjarus.co/galderma/jsons/20220812/V.69.4634.22081214080435_2_2_display1_1.json'),
(484, 'V.48.11598.22081214084740', 11598, 48, 2, 'https://storage2.pitjarus.co/galderma/jsons/20220812/V.48.11598.22081214084740_2_1_display1_1.json'),
(485, 'V.48.11598.22081214084740', 11598, 48, 2, 'https://storage2.pitjarus.co/galderma/jsons/20220812/V.48.11598.22081214084740_2_2_display1_1.json'),
(486, 'V.43.13528.22081214093524', 13528, 43, 2, 'https://storage2.pitjarus.co/galderma/jsons/20220812/V.43.13528.22081214093524_2_1_display1_1.json'),
(487, 'V.43.13528.22081214093524', 13528, 43, 2, 'https://storage2.pitjarus.co/galderma/jsons/20220812/V.43.13528.22081214093524_2_2_display1_1.json'),
(488, 'V.43.13528.22081214093524', 13528, 43, 4, 'https://storage2.pitjarus.co/galderma/jsons/20220812/V.43.13528.22081214093524_4_1_display1_1.json'),
(489, 'V.43.13528.22081214093524', 13528, 43, 4, 'https://storage2.pitjarus.co/galderma/jsons/20220812/V.43.13528.22081214093524_4_2_display1_1.json'),
(490, 'V.85.11276.22081214111935', 11276, 85, 2, 'https://storage2.pitjarus.co/galderma/jsons/20220812/V.85.11276.22081214111935_2_1_display1_1.json'),
(491, 'V.41.1687.22081214123636', 1687, 41, 1, 'https://storage2.pitjarus.co/galderma/jsons/20220812/V.41.1687.22081214123636_1_1_display1_1.json'),
(492, 'V.41.1687.22081214123636', 1687, 41, 2, 'https://storage2.pitjarus.co/galderma/jsons/20220812/V.41.1687.22081214123636_2_1_display1_1.json'),
(493, 'V.41.1687.22081214123636', 1687, 41, 2, 'https://storage2.pitjarus.co/galderma/jsons/20220812/V.41.1687.22081214123636_2_2_display1_1.json'),
(494, 'V.49.4851.22081214131445', 4851, 49, 2, 'https://storage2.pitjarus.co/galderma/jsons/20220812/V.49.4851.22081214131445_2_1_display1_1.json'),
(495, 'V.49.4851.22081214131445', 4851, 49, 2, 'https://storage2.pitjarus.co/galderma/jsons/20220812/V.49.4851.22081214131445_2_2_display1_1.json'),
(496, 'V.49.4851.22081214131445', 4851, 49, 2, 'https://storage2.pitjarus.co/galderma/jsons/20220812/V.49.4851.22081214131445_2_2_display1_2.json'),
(497, 'V.66.15327.22081214134252', 15327, 66, 2, 'https://storage2.pitjarus.co/galderma/jsons/20220812/V.66.15327.22081214134252_2_1_display1_1.json'),
(498, 'V.66.15327.22081214134252', 15327, 66, 2, 'https://storage2.pitjarus.co/galderma/jsons/20220812/V.66.15327.22081214134252_2_1_display1_1.json'),
(499, 'V.23.14921.22081214180311', 14921, 23, 2, 'https://storage2.pitjarus.co/galderma/jsons/20220812/V.23.14921.22081214180311_2_1_display1_1.json'),
(500, 'V.23.14921.22081214180311', 14921, 23, 2, 'https://storage2.pitjarus.co/galderma/jsons/20220812/V.23.14921.22081214180311_2_1_display1_1.json'),
(501, 'V.63.10186.22081214181209', 10186, 63, 2, 'https://storage2.pitjarus.co/galderma/jsons/20220812/V.63.10186.22081214181209_2_1_display1_1.json'),
(502, 'V.47.8659.22081214182733', 8659, 47, 2, 'https://storage2.pitjarus.co/galderma/jsons/20220812/V.47.8659.22081214182733_2_1_display1_1.json'),
(503, 'V.12.10522.22081214194932', 10522, 12, 2, 'https://storage2.pitjarus.co/galderma/jsons/20220812/V.12.10522.22081214194932_2_1_display1_1.json'),
(504, 'V.82.16326.22081214204925', 16326, 82, 1, 'https://storage2.pitjarus.co/galderma/jsons/20220812/V.82.16326.22081214204925_1_1_display1_1.json'),
(505, 'V.82.16326.22081214204925', 16326, 82, 2, 'https://storage2.pitjarus.co/galderma/jsons/20220812/V.82.16326.22081214204925_2_1_display1_1.json'),
(506, 'V.82.16326.22081214204925', 16326, 82, 2, 'https://storage2.pitjarus.co/galderma/jsons/20220812/V.82.16326.22081214204925_2_2_display1_1.json'),
(507, 'V.82.16326.22081214204925', 16326, 82, 4, 'https://storage2.pitjarus.co/galderma/jsons/20220812/V.82.16326.22081214204925_4_1_display1_1.json'),
(508, 'V.32.16943.22081214221557', 16943, 32, 1, 'https://storage2.pitjarus.co/galderma/jsons/20220812/V.32.16943.22081214221557_1_1_display1_1.json'),
(509, 'V.32.16943.22081214221557', 16943, 32, 2, 'https://storage2.pitjarus.co/galderma/jsons/20220812/V.32.16943.22081214221557_2_1_display1_1.json'),
(510, 'V.32.16943.22081214221557', 16943, 32, 4, 'https://storage2.pitjarus.co/galderma/jsons/20220812/V.32.16943.22081214221557_4_1_display1_1.json'),
(511, 'V.31.16238.22081214233536', 16238, 31, 1, 'https://storage2.pitjarus.co/galderma/jsons/20220812/V.31.16238.22081214233536_1_1_display1_1.json'),
(512, 'V.31.16238.22081214233536', 16238, 31, 2, 'https://storage2.pitjarus.co/galderma/jsons/20220812/V.31.16238.22081214233536_2_1_display1_1.json'),
(513, 'V.31.16238.22081214233536', 16238, 31, 2, 'https://storage2.pitjarus.co/galderma/jsons/20220812/V.31.16238.22081214233536_2_2_display1_1.json'),
(514, 'V.31.16238.22081214233536', 16238, 31, 4, 'https://storage2.pitjarus.co/galderma/jsons/20220812/V.31.16238.22081214233536_4_1_display1_1.json'),
(515, 'V.62.9235.22081214252235', 9235, 62, 2, 'https://storage2.pitjarus.co/galderma/jsons/20220812/V.62.9235.22081214252235_2_1_display1_1.json'),
(516, 'V.24.1655.22081214291107', 1655, 24, 1, 'https://storage2.pitjarus.co/galderma/jsons/20220812/V.24.1655.22081214291107_1_1_display1_1.json'),
(517, 'V.24.1655.22081214291107', 1655, 24, 2, 'https://storage2.pitjarus.co/galderma/jsons/20220812/V.24.1655.22081214291107_2_1_display1_1.json'),
(518, 'V.24.1655.22081214291107', 1655, 24, 2, 'https://storage2.pitjarus.co/galderma/jsons/20220812/V.24.1655.22081214291107_2_1_display2_1.json'),
(519, 'V.24.1655.22081214291107', 1655, 24, 2, 'https://storage2.pitjarus.co/galderma/jsons/20220812/V.24.1655.22081214291107_2_2_display1_1.json'),
(520, 'V.60.14516.22081214310536', 14516, 60, 2, 'https://storage2.pitjarus.co/galderma/jsons/20220812/V.60.14516.22081214310536_2_1_display1_1.json'),
(521, 'V.56.7554.22081214333437', 7554, 56, 1, 'https://storage2.pitjarus.co/galderma/jsons/20220812/V.56.7554.22081214333437_1_1_display1_1.json'),
(522, 'V.56.7554.22081214333437', 7554, 56, 1, 'https://storage2.pitjarus.co/galderma/jsons/20220812/V.56.7554.22081214333437_1_2_display1_1.json'),
(523, 'V.56.7554.22081214333437', 7554, 56, 2, 'https://storage2.pitjarus.co/galderma/jsons/20220812/V.56.7554.22081214333437_2_1_display1_1.json'),
(524, 'V.56.7554.22081214333437', 7554, 56, 2, 'https://storage2.pitjarus.co/galderma/jsons/20220812/V.56.7554.22081214333437_2_2_display1_1.json'),
(525, 'V.54.5297.22081214343705', 5297, 54, 1, 'https://storage2.pitjarus.co/galderma/jsons/20220812/V.54.5297.22081214343705_1_1_display1_1.json'),
(526, 'V.54.5297.22081214343705', 5297, 54, 2, 'https://storage2.pitjarus.co/galderma/jsons/20220812/V.54.5297.22081214343705_2_1_display1_1.json'),
(527, 'V.54.5297.22081214343705', 5297, 54, 2, 'https://storage2.pitjarus.co/galderma/jsons/20220812/V.54.5297.22081214343705_2_1_display2_1.json'),
(528, 'V.54.5297.22081214343705', 5297, 54, 2, 'https://storage2.pitjarus.co/galderma/jsons/20220812/V.54.5297.22081214343705_2_2_display1_1.json'),
(529, 'V.47.13576.22081214343971', 13576, 47, 2, 'https://storage2.pitjarus.co/galderma/jsons/20220812/V.47.13576.22081214343971_2_1_display1_1.json'),
(530, 'V.66.15328.22081214343985', 15328, 66, 2, 'https://storage2.pitjarus.co/galderma/jsons/20220812/V.66.15328.22081214343985_2_1_display1_1.json'),
(531, 'V.66.15328.22081214343985', 15328, 66, 2, 'https://storage2.pitjarus.co/galderma/jsons/20220812/V.66.15328.22081214343985_2_1_display1_1.json'),
(532, 'V.81.14737.22081214344650', 14737, 81, 2, 'https://storage2.pitjarus.co/galderma/jsons/20220812/V.81.14737.22081214344650_2_1_display1_1.json'),
(533, 'V.85.11277.22081214371990', 11277, 85, 2, 'https://storage2.pitjarus.co/galderma/jsons/20220812/V.85.11277.22081214371990_2_1_display1_1.json'),
(534, 'V.23.1491.22081214391083', 1491, 23, 1, 'https://storage2.pitjarus.co/galderma/jsons/20220812/V.23.1491.22081214391083_1_1_display1_1.json'),
(535, 'V.23.1491.22081214391083', 1491, 23, 2, 'https://storage2.pitjarus.co/galderma/jsons/20220812/V.23.1491.22081214391083_2_1_display1_1.json'),
(536, 'V.23.1491.22081214391083', 1491, 23, 2, 'https://storage2.pitjarus.co/galderma/jsons/20220812/V.23.1491.22081214391083_2_1_display2_1.json'),
(537, 'V.23.1491.22081214391083', 1491, 23, 2, 'https://storage2.pitjarus.co/galderma/jsons/20220812/V.23.1491.22081214391083_2_2_display1_1.json'),
(538, 'V.60.3764.22081214393928', 3764, 60, 1, 'https://storage2.pitjarus.co/galderma/jsons/20220812/V.60.3764.22081214393928_1_1_display1_1.json'),
(539, 'V.60.3764.22081214393928', 3764, 60, 2, 'https://storage2.pitjarus.co/galderma/jsons/20220812/V.60.3764.22081214393928_2_1_display1_1.json'),
(540, 'V.60.3764.22081214393928', 3764, 60, 2, 'https://storage2.pitjarus.co/galderma/jsons/20220812/V.60.3764.22081214393928_2_2_display1_1.json'),
(541, 'V.12.10523.22081214405741', 10523, 12, 2, 'https://storage2.pitjarus.co/galderma/jsons/20220812/V.12.10523.22081214405741_2_1_display1_1.json'),
(542, 'V.82.7696.22081214462665', 7696, 82, 1, 'https://storage2.pitjarus.co/galderma/jsons/20220812/V.82.7696.22081214462665_1_1_display1_1.json'),
(543, 'V.82.7696.22081214462665', 7696, 82, 2, 'https://storage2.pitjarus.co/galderma/jsons/20220812/V.82.7696.22081214462665_2_1_display1_1.json'),
(544, 'V.82.7696.22081214462665', 7696, 82, 2, 'https://storage2.pitjarus.co/galderma/jsons/20220812/V.82.7696.22081214462665_2_2_display1_1.json'),
(545, 'V.66.16608.22081214482630', 16608, 66, 2, 'https://storage2.pitjarus.co/galderma/jsons/20220812/V.66.16608.22081214482630_2_1_display1_1.json'),
(546, 'V.66.16608.22081214482630', 16608, 66, 2, 'https://storage2.pitjarus.co/galderma/jsons/20220812/V.66.16608.22081214482630_2_1_display1_1.json'),
(547, 'V.66.16608.22081214482630', 16608, 66, 2, 'https://storage2.pitjarus.co/galderma/jsons/20220812/V.66.16608.22081214482630_2_2_display1_1.json'),
(548, 'V.66.16608.22081214482630', 16608, 66, 2, 'https://storage2.pitjarus.co/galderma/jsons/20220812/V.66.16608.22081214482630_2_2_display1_1.json'),
(549, 'V.49.15303.22081214522080', 15303, 49, 2, 'https://storage2.pitjarus.co/galderma/jsons/20220812/V.49.15303.22081214522080_2_1_display1_1.json'),
(550, 'V.12.10525.22081214540956', 10525, 12, 2, 'https://storage2.pitjarus.co/galderma/jsons/20220812/V.12.10525.22081214540956_2_1_display1_1.json'),
(551, 'V.63.10187.22081214542484', 10187, 63, 2, 'https://storage2.pitjarus.co/galderma/jsons/20220812/V.63.10187.22081214542484_2_1_display1_1.json'),
(552, 'V.56.15439.22081214581966', 15439, 56, 2, 'https://storage2.pitjarus.co/galderma/jsons/20220812/V.56.15439.22081214581966_2_1_display1_1.json'),
(553, 'V.56.15439.22081214581966', 15439, 56, 4, 'https://storage2.pitjarus.co/galderma/jsons/20220812/V.56.15439.22081214581966_4_1_display1_1.json'),
(554, 'V.10.305.22081214585300', 305, 10, 1, 'https://storage2.pitjarus.co/galderma/jsons/20220812/V.10.305.22081214585300_1_1_display1_1.json'),
(555, 'V.10.305.22081214585300', 305, 10, 1, 'https://storage2.pitjarus.co/galderma/jsons/20220812/V.10.305.22081214585300_1_1_display2_1.json'),
(556, 'V.10.305.22081214585300', 305, 10, 2, 'https://storage2.pitjarus.co/galderma/jsons/20220812/V.10.305.22081214585300_2_1_display1_1.json'),
(557, 'V.10.305.22081214585300', 305, 10, 2, 'https://storage2.pitjarus.co/galderma/jsons/20220812/V.10.305.22081214585300_2_1_display2_1.json'),
(558, 'V.10.305.22081214585300', 305, 10, 2, 'https://storage2.pitjarus.co/galderma/jsons/20220812/V.10.305.22081214585300_2_2_display1_1.json'),
(559, 'V.10.305.22081214585300', 305, 10, 2, 'https://storage2.pitjarus.co/galderma/jsons/20220812/V.10.305.22081214585300_2_2_display2_1.json'),
(560, 'V.10.305.22081214585300', 305, 10, 2, 'https://storage2.pitjarus.co/galderma/jsons/20220812/V.10.305.22081214585300_2_2_display1_2.json'),
(561, 'V.10.305.22081214585300', 305, 10, 4, 'https://storage2.pitjarus.co/galderma/jsons/20220812/V.10.305.22081214585300_4_1_display1_1.json'),
(562, 'V.10.305.22081214585300', 305, 10, 4, 'https://storage2.pitjarus.co/galderma/jsons/20220812/V.10.305.22081214585300_4_1_display2_1.json'),
(563, 'V.69.15200.22081214591232', 15200, 69, 2, 'https://storage2.pitjarus.co/galderma/jsons/20220812/V.69.15200.22081214591232_2_1_display1_1.json'),
(564, 'V.62.3948.22081215002155', 3948, 62, 1, 'https://storage2.pitjarus.co/galderma/jsons/20220812/V.62.3948.22081215002155_1_1_display1_1.json'),
(565, 'V.62.3948.22081215002155', 3948, 62, 1, 'https://storage2.pitjarus.co/galderma/jsons/20220812/V.62.3948.22081215002155_1_1_display1_2.json'),
(566, 'V.62.3948.22081215002155', 3948, 62, 1, 'https://storage2.pitjarus.co/galderma/jsons/20220812/V.62.3948.22081215002155_1_2_display1_1.json'),
(567, 'V.62.3948.22081215002155', 3948, 62, 2, 'https://storage2.pitjarus.co/galderma/jsons/20220812/V.62.3948.22081215002155_2_1_display1_1.json'),
(568, 'V.62.3948.22081215002155', 3948, 62, 2, 'https://storage2.pitjarus.co/galderma/jsons/20220812/V.62.3948.22081215002155_2_1_display2_1.json'),
(569, 'V.62.3948.22081215002155', 3948, 62, 2, 'https://storage2.pitjarus.co/galderma/jsons/20220812/V.62.3948.22081215002155_2_1_display1_2.json'),
(570, 'V.62.3948.22081215002155', 3948, 62, 2, 'https://storage2.pitjarus.co/galderma/jsons/20220812/V.62.3948.22081215002155_2_1_display2_2.json'),
(571, 'V.62.3948.22081215002155', 3948, 62, 2, 'https://storage2.pitjarus.co/galderma/jsons/20220812/V.62.3948.22081215002155_2_2_display1_1.json'),
(572, 'V.62.3948.22081215002155', 3948, 62, 2, 'https://storage2.pitjarus.co/galderma/jsons/20220812/V.62.3948.22081215002155_2_2_display1_2.json'),
(573, 'V.62.3948.22081215002155', 3948, 62, 4, 'https://storage2.pitjarus.co/galderma/jsons/20220812/V.62.3948.22081215002155_4_1_display1_1.json'),
(574, 'V.62.3948.22081215002155', 3948, 62, 4, 'https://storage2.pitjarus.co/galderma/jsons/20220812/V.62.3948.22081215002155_4_2_display1_1.json'),
(575, 'V.85.11278.22081215012035', 11278, 85, 2, 'https://storage2.pitjarus.co/galderma/jsons/20220812/V.85.11278.22081215012035_2_1_display1_1.json'),
(576, 'V.54.14981.22081215020423', 14981, 54, 2, 'https://storage2.pitjarus.co/galderma/jsons/20220812/V.54.14981.22081215020423_2_1_display1_1.json'),
(577, 'V.28.1043.22081215021559', 1043, 28, 1, 'https://storage2.pitjarus.co/galderma/jsons/20220812/V.28.1043.22081215021559_1_1_display1_1.json'),
(578, 'V.28.1043.22081215021559', 1043, 28, 1, 'https://storage2.pitjarus.co/galderma/jsons/20220812/V.28.1043.22081215021559_1_2_display1_1.json'),
(579, 'V.28.1043.22081215021559', 1043, 28, 2, 'https://storage2.pitjarus.co/galderma/jsons/20220812/V.28.1043.22081215021559_2_1_display1_1.json'),
(580, 'V.28.1043.22081215021559', 1043, 28, 2, 'https://storage2.pitjarus.co/galderma/jsons/20220812/V.28.1043.22081215021559_2_2_display1_1.json'),
(581, 'V.41.1628.22081215034150', 1628, 41, 1, 'https://storage2.pitjarus.co/galderma/jsons/20220812/V.41.1628.22081215034150_1_1_display1_1.json'),
(582, 'V.41.1628.22081215034150', 1628, 41, 1, 'https://storage2.pitjarus.co/galderma/jsons/20220812/V.41.1628.22081215034150_1_2_display1_1.json'),
(583, 'V.41.1628.22081215034150', 1628, 41, 2, 'https://storage2.pitjarus.co/galderma/jsons/20220812/V.41.1628.22081215034150_2_1_display1_1.json'),
(584, 'V.41.1628.22081215034150', 1628, 41, 2, 'https://storage2.pitjarus.co/galderma/jsons/20220812/V.41.1628.22081215034150_2_1_display2_1.json'),
(585, 'V.41.1628.22081215034150', 1628, 41, 2, 'https://storage2.pitjarus.co/galderma/jsons/20220812/V.41.1628.22081215034150_2_1_display1_2.json'),
(586, 'V.41.1628.22081215034150', 1628, 41, 2, 'https://storage2.pitjarus.co/galderma/jsons/20220812/V.41.1628.22081215034150_2_1_display2_2.json'),
(587, 'V.41.1628.22081215034150', 1628, 41, 2, 'https://storage2.pitjarus.co/galderma/jsons/20220812/V.41.1628.22081215034150_2_2_display1_1.json'),
(588, 'V.41.1628.22081215034150', 1628, 41, 2, 'https://storage2.pitjarus.co/galderma/jsons/20220812/V.41.1628.22081215034150_2_2_display2_1.json'),
(589, 'V.41.1628.22081215034150', 1628, 41, 2, 'https://storage2.pitjarus.co/galderma/jsons/20220812/V.41.1628.22081215034150_2_2_display1_2.json'),
(590, 'V.41.1628.22081215034150', 1628, 41, 2, 'https://storage2.pitjarus.co/galderma/jsons/20220812/V.41.1628.22081215034150_2_2_display2_2.json'),
(591, 'V.41.1628.22081215034150', 1628, 41, 4, 'https://storage2.pitjarus.co/galderma/jsons/20220812/V.41.1628.22081215034150_4_1_display1_1.json'),
(592, 'V.48.11599.22081215041819', 11599, 48, 2, 'https://storage2.pitjarus.co/galderma/jsons/20220812/V.48.11599.22081215041819_2_1_display1_1.json'),
(593, 'V.50.5606.22081215072574', 5606, 50, 2, 'https://storage2.pitjarus.co/galderma/jsons/20220812/V.50.5606.22081215072574_2_1_display1_1.json'),
(594, 'V.50.5606.22081215072574', 5606, 50, 2, 'https://storage2.pitjarus.co/galderma/jsons/20220812/V.50.5606.22081215072574_2_2_display1_1.json'),
(595, 'V.50.5606.22081215072574', 5606, 50, 2, 'https://storage2.pitjarus.co/galderma/jsons/20220812/V.50.5606.22081215072574_2_2_display1_2.json'),
(596, 'V.30.1120.22081215081205', 1120, 30, 1, 'https://storage2.pitjarus.co/galderma/jsons/20220812/V.30.1120.22081215081205_1_2_display1_1.json'),
(597, 'V.30.1120.22081215081205', 1120, 30, 2, 'https://storage2.pitjarus.co/galderma/jsons/20220812/V.30.1120.22081215081205_2_1_display1_1.json'),
(598, 'V.30.1120.22081215081205', 1120, 30, 2, 'https://storage2.pitjarus.co/galderma/jsons/20220812/V.30.1120.22081215081205_2_2_display1_1.json'),
(599, 'V.94.17030.22081215091118', 17030, 94, 2, 'https://storage2.pitjarus.co/galderma/jsons/20220812/V.94.17030.22081215091118_2_1_display1_1.json'),
(600, 'V.10.306.22081215105582', 306, 10, 1, 'https://storage2.pitjarus.co/galderma/jsons/20220812/V.10.306.22081215105582_1_1_display1_1.json'),
(601, 'V.10.306.22081215105582', 306, 10, 1, 'https://storage2.pitjarus.co/galderma/jsons/20220812/V.10.306.22081215105582_1_1_display2_1.json'),
(602, 'V.10.306.22081215105582', 306, 10, 2, 'https://storage2.pitjarus.co/galderma/jsons/20220812/V.10.306.22081215105582_2_1_display1_1.json'),
(603, 'V.10.306.22081215105582', 306, 10, 2, 'https://storage2.pitjarus.co/galderma/jsons/20220812/V.10.306.22081215105582_2_1_display2_1.json'),
(604, 'V.10.306.22081215105582', 306, 10, 2, 'https://storage2.pitjarus.co/galderma/jsons/20220812/V.10.306.22081215105582_2_2_display1_1.json'),
(605, 'V.10.306.22081215105582', 306, 10, 2, 'https://storage2.pitjarus.co/galderma/jsons/20220812/V.10.306.22081215105582_2_2_display2_1.json'),
(606, 'V.10.306.22081215105582', 306, 10, 2, 'https://storage2.pitjarus.co/galderma/jsons/20220812/V.10.306.22081215105582_2_2_display1_2.json'),
(607, 'V.10.306.22081215105582', 306, 10, 4, 'https://storage2.pitjarus.co/galderma/jsons/20220812/V.10.306.22081215105582_4_1_display1_1.json'),
(608, 'V.10.306.22081215105582', 306, 10, 4, 'https://storage2.pitjarus.co/galderma/jsons/20220812/V.10.306.22081215105582_4_1_display2_1.json'),
(609, 'V.32.11797.22081215122469', 11797, 32, 2, 'https://storage2.pitjarus.co/galderma/jsons/20220812/V.32.11797.22081215122469_2_1_display1_1.json'),
(610, 'V.47.13575.22081215130805', 13575, 47, 2, 'https://storage2.pitjarus.co/galderma/jsons/20220812/V.47.13575.22081215130805_2_1_display1_1.json'),
(611, 'V.49.16580.22081215170940', 16580, 49, 2, 'https://storage2.pitjarus.co/galderma/jsons/20220812/V.49.16580.22081215170940_2_1_display1_1.json'),
(612, 'V.56.14893.22081215171155', 14893, 56, 2, 'https://storage2.pitjarus.co/galderma/jsons/20220812/V.56.14893.22081215171155_2_1_display1_1.json'),
(613, 'V.56.14893.22081215171155', 14893, 56, 2, 'https://storage2.pitjarus.co/galderma/jsons/20220812/V.56.14893.22081215171155_2_1_display1_1.json'),
(614, 'V.43.10827.22081215211036', 10827, 43, 2, 'https://storage2.pitjarus.co/galderma/jsons/20220812/V.43.10827.22081215211036_2_1_display1_1.json'),
(615, 'V.43.10827.22081215211036', 10827, 43, 2, 'https://storage2.pitjarus.co/galderma/jsons/20220812/V.43.10827.22081215211036_2_2_display1_1.json'),
(616, 'V.30.15904.22081215232044', 15904, 30, 1, 'https://storage2.pitjarus.co/galderma/jsons/20220812/V.30.15904.22081215232044_1_1_display1_1.json'),
(617, 'V.30.15904.22081215232044', 15904, 30, 1, 'https://storage2.pitjarus.co/galderma/jsons/20220812/V.30.15904.22081215232044_1_2_display1_1.json'),
(618, 'V.30.15904.22081215232044', 15904, 30, 2, 'https://storage2.pitjarus.co/galderma/jsons/20220812/V.30.15904.22081215232044_2_1_display1_1.json'),
(619, 'V.30.15904.22081215232044', 15904, 30, 2, 'https://storage2.pitjarus.co/galderma/jsons/20220812/V.30.15904.22081215232044_2_2_display1_1.json'),
(620, 'V.63.346.22081215271909', 346, 63, 1, 'https://storage2.pitjarus.co/galderma/jsons/20220812/V.63.346.22081215271909_1_2_display1_1.json'),
(621, 'V.63.346.22081215271909', 346, 63, 1, 'https://storage2.pitjarus.co/galderma/jsons/20220812/V.63.346.22081215271909_1_2_display2_1.json'),
(622, 'V.63.346.22081215271909', 346, 63, 2, 'https://storage2.pitjarus.co/galderma/jsons/20220812/V.63.346.22081215271909_2_1_display1_1.json'),
(623, 'V.63.346.22081215271909', 346, 63, 2, 'https://storage2.pitjarus.co/galderma/jsons/20220812/V.63.346.22081215271909_2_1_display2_1.json'),
(624, 'V.43.15669.22081215300987', 15669, 43, 1, 'https://storage2.pitjarus.co/galderma/jsons/20220812/V.43.15669.22081215300987_1_1_display1_1.json'),
(625, 'V.43.15669.22081215300987', 15669, 43, 1, 'https://storage2.pitjarus.co/galderma/jsons/20220812/V.43.15669.22081215300987_1_2_display1_1.json'),
(626, 'V.43.15669.22081215300987', 15669, 43, 2, 'https://storage2.pitjarus.co/galderma/jsons/20220812/V.43.15669.22081215300987_2_1_display1_1.json'),
(627, 'V.43.15669.22081215300987', 15669, 43, 2, 'https://storage2.pitjarus.co/galderma/jsons/20220812/V.43.15669.22081215300987_2_2_display1_1.json'),
(628, 'V.54.5205.22081215320750', 5205, 54, 1, 'https://storage2.pitjarus.co/galderma/jsons/20220812/V.54.5205.22081215320750_1_1_display1_1.json'),
(629, 'V.54.5205.22081215320750', 5205, 54, 2, 'https://storage2.pitjarus.co/galderma/jsons/20220812/V.54.5205.22081215320750_2_1_display1_1.json'),
(630, 'V.54.5205.22081215320750', 5205, 54, 2, 'https://storage2.pitjarus.co/galderma/jsons/20220812/V.54.5205.22081215320750_2_2_display1_1.json'),
(631, 'V.66.5340.22081215322256', 5340, 66, 2, 'https://storage2.pitjarus.co/galderma/jsons/20220812/V.66.5340.22081215322256_2_1_display1_1.json'),
(632, 'V.66.5340.22081215322256', 5340, 66, 2, 'https://storage2.pitjarus.co/galderma/jsons/20220812/V.66.5340.22081215322256_2_1_display1_1.json'),
(633, 'V.66.5340.22081215322256', 5340, 66, 2, 'https://storage2.pitjarus.co/galderma/jsons/20220812/V.66.5340.22081215322256_2_2_display1_1.json'),
(634, 'V.66.5340.22081215322256', 5340, 66, 2, 'https://storage2.pitjarus.co/galderma/jsons/20220812/V.66.5340.22081215322256_2_2_display1_1.json'),
(635, 'V.49.15305.22081215343472', 15305, 49, 2, 'https://storage2.pitjarus.co/galderma/jsons/20220812/V.49.15305.22081215343472_2_1_display1_1.json'),
(636, 'V.56.7916.22081215345253', 7916, 56, 1, 'https://storage2.pitjarus.co/galderma/jsons/20220812/V.56.7916.22081215345253_1_1_display1_1.json'),
(637, 'V.56.7916.22081215345253', 7916, 56, 1, 'https://storage2.pitjarus.co/galderma/jsons/20220812/V.56.7916.22081215345253_1_1_display1_1.json'),
(638, 'V.56.7916.22081215345253', 7916, 56, 1, 'https://storage2.pitjarus.co/galderma/jsons/20220812/V.56.7916.22081215345253_1_2_display1_1.json'),
(639, 'V.56.7916.22081215345253', 7916, 56, 1, 'https://storage2.pitjarus.co/galderma/jsons/20220812/V.56.7916.22081215345253_1_2_display1_1.json'),
(640, 'V.56.7916.22081215345253', 7916, 56, 2, 'https://storage2.pitjarus.co/galderma/jsons/20220812/V.56.7916.22081215345253_2_1_display1_1.json'),
(641, 'V.56.7916.22081215345253', 7916, 56, 2, 'https://storage2.pitjarus.co/galderma/jsons/20220812/V.56.7916.22081215345253_2_1_display1_1.json'),
(642, 'V.48.11600.22081215370836', 11600, 48, 2, 'https://storage2.pitjarus.co/galderma/jsons/20220812/V.48.11600.22081215370836_2_1_display1_1.json'),
(643, 'V.12.10528.22081215370996', 10528, 12, 2, 'https://storage2.pitjarus.co/galderma/jsons/20220812/V.12.10528.22081215370996_2_1_display1_1.json'),
(644, 'V.32.13710.22081215382813', 13710, 32, 2, 'https://storage2.pitjarus.co/galderma/jsons/20220812/V.32.13710.22081215382813_2_1_display1_1.json'),
(645, 'V.24.8142.22081215465890', 8142, 24, 2, 'https://storage2.pitjarus.co/galderma/jsons/20220812/V.24.8142.22081215465890_2_1_display1_1.json'),
(646, 'V.50.732.22081215482720', 732, 50, 2, 'https://storage2.pitjarus.co/galderma/jsons/20220812/V.50.732.22081215482720_2_1_display1_1.json'),
(647, 'V.50.732.22081215482720', 732, 50, 2, 'https://storage2.pitjarus.co/galderma/jsons/20220812/V.50.732.22081215482720_2_1_display2_1.json'),
(648, 'V.50.732.22081215482720', 732, 50, 2, 'https://storage2.pitjarus.co/galderma/jsons/20220812/V.50.732.22081215482720_2_2_display1_1.json'),
(649, 'V.50.732.22081215482720', 732, 50, 2, 'https://storage2.pitjarus.co/galderma/jsons/20220812/V.50.732.22081215482720_2_2_display1_2.json'),
(650, 'V.50.732.22081215482720', 732, 50, 2, 'https://storage2.pitjarus.co/galderma/jsons/20220812/V.50.732.22081215482720_2_2_display2_2.json'),
(651, 'V.30.2291.22081215495616', 2291, 30, 1, 'https://storage2.pitjarus.co/galderma/jsons/20220812/V.30.2291.22081215495616_1_2_display1_1.json'),
(652, 'V.30.2291.22081215495616', 2291, 30, 2, 'https://storage2.pitjarus.co/galderma/jsons/20220812/V.30.2291.22081215495616_2_1_display1_1.json'),
(653, 'V.30.2291.22081215495616', 2291, 30, 2, 'https://storage2.pitjarus.co/galderma/jsons/20220812/V.30.2291.22081215495616_2_2_display1_1.json'),
(654, 'V.10.17106.22081215520006', 17106, 10, 1, 'https://storage2.pitjarus.co/galderma/jsons/20220812/V.10.17106.22081215520006_1_1_display1_1.json'),
(655, 'V.10.17106.22081215520006', 17106, 10, 1, 'https://storage2.pitjarus.co/galderma/jsons/20220812/V.10.17106.22081215520006_1_1_display2_1.json'),
(656, 'V.10.17106.22081215520006', 17106, 10, 2, 'https://storage2.pitjarus.co/galderma/jsons/20220812/V.10.17106.22081215520006_2_1_display1_1.json'),
(657, 'V.10.17106.22081215520006', 17106, 10, 2, 'https://storage2.pitjarus.co/galderma/jsons/20220812/V.10.17106.22081215520006_2_1_display2_1.json'),
(658, 'V.10.17106.22081215520006', 17106, 10, 2, 'https://storage2.pitjarus.co/galderma/jsons/20220812/V.10.17106.22081215520006_2_2_display1_1.json'),
(659, 'V.10.17106.22081215520006', 17106, 10, 2, 'https://storage2.pitjarus.co/galderma/jsons/20220812/V.10.17106.22081215520006_2_2_display2_1.json'),
(660, 'V.54.2130.22081215540855', 2130, 54, 1, 'https://storage2.pitjarus.co/galderma/jsons/20220812/V.54.2130.22081215540855_1_1_display1_1.json'),
(661, 'V.54.2130.22081215540855', 2130, 54, 2, 'https://storage2.pitjarus.co/galderma/jsons/20220812/V.54.2130.22081215540855_2_1_display1_1.json'),
(662, 'V.54.2130.22081215540855', 2130, 54, 2, 'https://storage2.pitjarus.co/galderma/jsons/20220812/V.54.2130.22081215540855_2_1_display2_1.json'),
(663, 'V.54.2130.22081215540855', 2130, 54, 2, 'https://storage2.pitjarus.co/galderma/jsons/20220812/V.54.2130.22081215540855_2_2_display1_1.json'),
(664, 'V.63.2660.22081215541759', 2660, 63, 1, 'https://storage2.pitjarus.co/galderma/jsons/20220812/V.63.2660.22081215541759_1_1_display1_1.json'),
(665, 'V.63.2660.22081215541759', 2660, 63, 2, 'https://storage2.pitjarus.co/galderma/jsons/20220812/V.63.2660.22081215541759_2_1_display1_1.json'),
(666, 'V.63.2660.22081215541759', 2660, 63, 2, 'https://storage2.pitjarus.co/galderma/jsons/20220812/V.63.2660.22081215541759_2_1_display2_1.json'),
(667, 'V.63.2660.22081215541759', 2660, 63, 2, 'https://storage2.pitjarus.co/galderma/jsons/20220812/V.63.2660.22081215541759_2_2_display1_1.json'),
(668, 'V.62.3947.22081215554557', 3947, 62, 1, 'https://storage2.pitjarus.co/galderma/jsons/20220812/V.62.3947.22081215554557_1_1_display1_1.json'),
(669, 'V.62.3947.22081215554557', 3947, 62, 1, 'https://storage2.pitjarus.co/galderma/jsons/20220812/V.62.3947.22081215554557_1_1_display1_1.json'),
(670, 'V.62.3947.22081215554557', 3947, 62, 2, 'https://storage2.pitjarus.co/galderma/jsons/20220812/V.62.3947.22081215554557_2_1_display1_1.json'),
(671, 'V.62.3947.22081215554557', 3947, 62, 2, 'https://storage2.pitjarus.co/galderma/jsons/20220812/V.62.3947.22081215554557_2_2_display1_1.json'),
(672, 'V.43.3965.22081215561410', 3965, 43, 1, 'https://storage2.pitjarus.co/galderma/jsons/20220812/V.43.3965.22081215561410_1_1_display1_1.json'),
(673, 'V.43.3965.22081215561410', 3965, 43, 1, 'https://storage2.pitjarus.co/galderma/jsons/20220812/V.43.3965.22081215561410_1_2_display1_1.json'),
(674, 'V.43.3965.22081215561410', 3965, 43, 2, 'https://storage2.pitjarus.co/galderma/jsons/20220812/V.43.3965.22081215561410_2_1_display1_1.json'),
(675, 'V.43.3965.22081215561410', 3965, 43, 2, 'https://storage2.pitjarus.co/galderma/jsons/20220812/V.43.3965.22081215561410_2_2_display1_1.json'),
(676, 'V.43.3965.22081215561410', 3965, 43, 3, 'https://storage2.pitjarus.co/galderma/jsons/20220812/V.43.3965.22081215561410_3_1_display1_1.json'),
(677, 'V.43.3965.22081215561410', 3965, 43, 3, 'https://storage2.pitjarus.co/galderma/jsons/20220812/V.43.3965.22081215561410_3_2_display1_1.json');
INSERT INTO `report_display` (`id`, `visit_id`, `store_id`, `surveyor_id`, `category_id`, `json_path`) VALUES
(678, 'V.43.3965.22081215561410', 3965, 43, 4, 'https://storage2.pitjarus.co/galderma/jsons/20220812/V.43.3965.22081215561410_4_1_display1_1.json'),
(679, 'V.43.3965.22081215561410', 3965, 43, 4, 'https://storage2.pitjarus.co/galderma/jsons/20220812/V.43.3965.22081215561410_4_2_display1_1.json'),
(680, 'V.82.7698.22081215581150', 7698, 82, 1, 'https://storage2.pitjarus.co/galderma/jsons/20220812/V.82.7698.22081215581150_1_1_display1_1.json'),
(681, 'V.82.7698.22081215581150', 7698, 82, 1, 'https://storage2.pitjarus.co/galderma/jsons/20220812/V.82.7698.22081215581150_1_1_display2_1.json'),
(682, 'V.82.7698.22081215581150', 7698, 82, 1, 'https://storage2.pitjarus.co/galderma/jsons/20220812/V.82.7698.22081215581150_1_2_display1_2.json'),
(683, 'V.82.7698.22081215581150', 7698, 82, 2, 'https://storage2.pitjarus.co/galderma/jsons/20220812/V.82.7698.22081215581150_2_1_display1_1.json'),
(684, 'V.82.7698.22081215581150', 7698, 82, 2, 'https://storage2.pitjarus.co/galderma/jsons/20220812/V.82.7698.22081215581150_2_1_display2_1.json'),
(685, 'V.82.7698.22081215581150', 7698, 82, 2, 'https://storage2.pitjarus.co/galderma/jsons/20220812/V.82.7698.22081215581150_2_2_display1_1.json'),
(686, 'V.82.7698.22081215581150', 7698, 82, 2, 'https://storage2.pitjarus.co/galderma/jsons/20220812/V.82.7698.22081215581150_2_2_display1_2.json'),
(687, 'V.28.4623.22081216004258', 4623, 28, 1, 'https://storage2.pitjarus.co/galderma/jsons/20220812/V.28.4623.22081216004258_1_2_display1_1.json'),
(688, 'V.28.4623.22081216004258', 4623, 28, 2, 'https://storage2.pitjarus.co/galderma/jsons/20220812/V.28.4623.22081216004258_2_1_display1_1.json'),
(689, 'V.28.4623.22081216004258', 4623, 28, 2, 'https://storage2.pitjarus.co/galderma/jsons/20220812/V.28.4623.22081216004258_2_2_display1_1.json'),
(690, 'V.28.4623.22081216004258', 4623, 28, 3, 'https://storage2.pitjarus.co/galderma/jsons/20220812/V.28.4623.22081216004258_3_1_display1_1.json'),
(691, 'V.66.14693.22081216015411', 14693, 66, 2, 'https://storage2.pitjarus.co/galderma/jsons/20220812/V.66.14693.22081216015411_2_1_display1_1.json'),
(692, 'V.66.14693.22081216015411', 14693, 66, 2, 'https://storage2.pitjarus.co/galderma/jsons/20220812/V.66.14693.22081216015411_2_1_display1_1.json'),
(693, 'V.30.11877.22081216024547', 11877, 30, 2, 'https://storage2.pitjarus.co/galderma/jsons/20220812/V.30.11877.22081216024547_2_1_display1_1.json'),
(694, 'V.30.11877.22081216024547', 11877, 30, 2, 'https://storage2.pitjarus.co/galderma/jsons/20220812/V.30.11877.22081216024547_2_2_display1_1.json'),
(695, 'V.41.5301.22081216064231', 5301, 41, 1, 'https://storage2.pitjarus.co/galderma/jsons/20220812/V.41.5301.22081216064231_1_1_display1_1.json'),
(696, 'V.41.5301.22081216064231', 5301, 41, 1, 'https://storage2.pitjarus.co/galderma/jsons/20220812/V.41.5301.22081216064231_1_1_display2_1.json'),
(697, 'V.41.5301.22081216064231', 5301, 41, 1, 'https://storage2.pitjarus.co/galderma/jsons/20220812/V.41.5301.22081216064231_1_2_display1_1.json'),
(698, 'V.41.5301.22081216064231', 5301, 41, 1, 'https://storage2.pitjarus.co/galderma/jsons/20220812/V.41.5301.22081216064231_1_2_display1_2.json'),
(699, 'V.41.5301.22081216064231', 5301, 41, 2, 'https://storage2.pitjarus.co/galderma/jsons/20220812/V.41.5301.22081216064231_2_1_display1_1.json'),
(700, 'V.41.5301.22081216064231', 5301, 41, 2, 'https://storage2.pitjarus.co/galderma/jsons/20220812/V.41.5301.22081216064231_2_1_display2_1.json'),
(701, 'V.41.5301.22081216064231', 5301, 41, 2, 'https://storage2.pitjarus.co/galderma/jsons/20220812/V.41.5301.22081216064231_2_1_display1_2.json'),
(702, 'V.41.5301.22081216064231', 5301, 41, 2, 'https://storage2.pitjarus.co/galderma/jsons/20220812/V.41.5301.22081216064231_2_2_display1_1.json'),
(703, 'V.41.5301.22081216064231', 5301, 41, 2, 'https://storage2.pitjarus.co/galderma/jsons/20220812/V.41.5301.22081216064231_2_2_display1_2.json'),
(704, 'V.41.5301.22081216064231', 5301, 41, 2, 'https://storage2.pitjarus.co/galderma/jsons/20220812/V.41.5301.22081216064231_2_2_display2_2.json'),
(705, 'V.41.5301.22081216064231', 5301, 41, 4, 'https://storage2.pitjarus.co/galderma/jsons/20220812/V.41.5301.22081216064231_4_1_display1_1.json'),
(706, 'V.41.5301.22081216064231', 5301, 41, 4, 'https://storage2.pitjarus.co/galderma/jsons/20220812/V.41.5301.22081216064231_4_2_display1_1.json'),
(707, 'V.41.5301.22081216064231', 5301, 41, 4, 'https://storage2.pitjarus.co/galderma/jsons/20220812/V.41.5301.22081216064231_4_2_display1_2.json'),
(708, 'V.10.283.22081216081143', 283, 10, 2, 'https://storage2.pitjarus.co/galderma/jsons/20220812/V.10.283.22081216081143_2_1_display1_1.json'),
(709, 'V.10.283.22081216081143', 283, 10, 2, 'https://storage2.pitjarus.co/galderma/jsons/20220812/V.10.283.22081216081143_2_1_display2_1.json'),
(710, 'V.24.7548.22081216084636', 7548, 24, 1, 'https://storage2.pitjarus.co/galderma/jsons/20220812/V.24.7548.22081216084636_1_1_display1_1.json'),
(711, 'V.24.7548.22081216084636', 7548, 24, 1, 'https://storage2.pitjarus.co/galderma/jsons/20220812/V.24.7548.22081216084636_1_2_display1_1.json'),
(712, 'V.24.7548.22081216084636', 7548, 24, 1, 'https://storage2.pitjarus.co/galderma/jsons/20220812/V.24.7548.22081216084636_1_2_display1_2.json'),
(713, 'V.24.7548.22081216084636', 7548, 24, 2, 'https://storage2.pitjarus.co/galderma/jsons/20220812/V.24.7548.22081216084636_2_1_display1_1.json'),
(714, 'V.24.7548.22081216084636', 7548, 24, 2, 'https://storage2.pitjarus.co/galderma/jsons/20220812/V.24.7548.22081216084636_2_2_display1_1.json'),
(715, 'V.24.7548.22081216084636', 7548, 24, 2, 'https://storage2.pitjarus.co/galderma/jsons/20220812/V.24.7548.22081216084636_2_2_display1_2.json'),
(716, 'V.24.7548.22081216084636', 7548, 24, 3, 'https://storage2.pitjarus.co/galderma/jsons/20220812/V.24.7548.22081216084636_3_1_display1_1.json'),
(717, 'V.24.7548.22081216084636', 7548, 24, 3, 'https://storage2.pitjarus.co/galderma/jsons/20220812/V.24.7548.22081216084636_3_2_display1_1.json'),
(718, 'V.24.7548.22081216084636', 7548, 24, 4, 'https://storage2.pitjarus.co/galderma/jsons/20220812/V.24.7548.22081216084636_4_1_display1_1.json'),
(719, 'V.24.7548.22081216084636', 7548, 24, 4, 'https://storage2.pitjarus.co/galderma/jsons/20220812/V.24.7548.22081216084636_4_2_display1_1.json'),
(720, 'V.63.13953.22081216143968', 13953, 63, 1, 'https://storage2.pitjarus.co/galderma/jsons/20220812/V.63.13953.22081216143968_1_1_display1_1.json'),
(721, 'V.63.13953.22081216143968', 13953, 63, 1, 'https://storage2.pitjarus.co/galderma/jsons/20220812/V.63.13953.22081216143968_1_2_display1_1.json'),
(722, 'V.63.13953.22081216143968', 13953, 63, 2, 'https://storage2.pitjarus.co/galderma/jsons/20220812/V.63.13953.22081216143968_2_1_display1_1.json'),
(723, 'V.63.13953.22081216143968', 13953, 63, 2, 'https://storage2.pitjarus.co/galderma/jsons/20220812/V.63.13953.22081216143968_2_1_display2_1.json'),
(724, 'V.30.15233.22081216154414', 15233, 30, 2, 'https://storage2.pitjarus.co/galderma/jsons/20220812/V.30.15233.22081216154414_2_1_display1_1.json'),
(725, 'V.30.15233.22081216154414', 15233, 30, 2, 'https://storage2.pitjarus.co/galderma/jsons/20220812/V.30.15233.22081216154414_2_2_display1_1.json'),
(726, 'V.69.5189.22081216165871', 5189, 69, 1, 'https://storage2.pitjarus.co/galderma/jsons/20220812/V.69.5189.22081216165871_1_1_display1_1.json'),
(727, 'V.69.5189.22081216165871', 5189, 69, 1, 'https://storage2.pitjarus.co/galderma/jsons/20220812/V.69.5189.22081216165871_1_2_display1_1.json'),
(728, 'V.69.5189.22081216165871', 5189, 69, 2, 'https://storage2.pitjarus.co/galderma/jsons/20220812/V.69.5189.22081216165871_2_1_display1_1.json'),
(729, 'V.69.5189.22081216165871', 5189, 69, 2, 'https://storage2.pitjarus.co/galderma/jsons/20220812/V.69.5189.22081216165871_2_2_display1_1.json'),
(730, 'V.9.13602.22081216210496', 13602, 9, 2, 'https://storage2.pitjarus.co/galderma/jsons/20220812/V.9.13602.22081216210496_2_1_display1_1.json'),
(731, 'V.43.16614.22081216261417', 16614, 43, 2, 'https://storage2.pitjarus.co/galderma/jsons/20220812/V.43.16614.22081216261417_2_1_display1_1.json'),
(732, 'V.43.16614.22081216261417', 16614, 43, 2, 'https://storage2.pitjarus.co/galderma/jsons/20220812/V.43.16614.22081216261417_2_2_display1_1.json'),
(733, 'V.56.7917.22081216293581', 7917, 56, 1, 'https://storage2.pitjarus.co/galderma/jsons/20220812/V.56.7917.22081216293581_1_1_display1_1.json'),
(734, 'V.56.7917.22081216293581', 7917, 56, 1, 'https://storage2.pitjarus.co/galderma/jsons/20220812/V.56.7917.22081216293581_1_2_display1_1.json'),
(735, 'V.56.7917.22081216293581', 7917, 56, 2, 'https://storage2.pitjarus.co/galderma/jsons/20220812/V.56.7917.22081216293581_2_1_display1_1.json'),
(736, 'V.56.7917.22081216293581', 7917, 56, 2, 'https://storage2.pitjarus.co/galderma/jsons/20220812/V.56.7917.22081216293581_2_2_display1_1.json'),
(737, 'V.62.14417.22081216294205', 14417, 62, 2, 'https://storage2.pitjarus.co/galderma/jsons/20220812/V.62.14417.22081216294205_2_1_display1_1.json'),
(738, 'V.50.5287.22081216312254', 5287, 50, 2, 'https://storage2.pitjarus.co/galderma/jsons/20220812/V.50.5287.22081216312254_2_1_display1_1.json'),
(739, 'V.50.5287.22081216312254', 5287, 50, 2, 'https://storage2.pitjarus.co/galderma/jsons/20220812/V.50.5287.22081216312254_2_1_display2_1.json'),
(740, 'V.50.5287.22081216312254', 5287, 50, 2, 'https://storage2.pitjarus.co/galderma/jsons/20220812/V.50.5287.22081216312254_2_2_display1_1.json'),
(741, 'V.50.5287.22081216312254', 5287, 50, 2, 'https://storage2.pitjarus.co/galderma/jsons/20220812/V.50.5287.22081216312254_2_2_display1_2.json'),
(742, 'V.50.5287.22081216312254', 5287, 50, 4, 'https://storage2.pitjarus.co/galderma/jsons/20220812/V.50.5287.22081216312254_4_1_display1_1.json'),
(743, 'V.30.1438.22081216321344', 1438, 30, 1, 'https://storage2.pitjarus.co/galderma/jsons/20220812/V.30.1438.22081216321344_1_1_display1_1.json'),
(744, 'V.30.1438.22081216321344', 1438, 30, 1, 'https://storage2.pitjarus.co/galderma/jsons/20220812/V.30.1438.22081216321344_1_2_display1_1.json'),
(745, 'V.30.1438.22081216321344', 1438, 30, 2, 'https://storage2.pitjarus.co/galderma/jsons/20220812/V.30.1438.22081216321344_2_1_display1_1.json'),
(746, 'V.30.1438.22081216321344', 1438, 30, 2, 'https://storage2.pitjarus.co/galderma/jsons/20220812/V.30.1438.22081216321344_2_2_display1_1.json'),
(747, 'V.30.1438.22081216321344', 1438, 30, 4, 'https://storage2.pitjarus.co/galderma/jsons/20220812/V.30.1438.22081216321344_4_1_display1_1.json'),
(748, 'V.30.1438.22081216321344', 1438, 30, 4, 'https://storage2.pitjarus.co/galderma/jsons/20220812/V.30.1438.22081216321344_4_2_display1_1.json'),
(749, 'V.31.11618.22081216332240', 11618, 31, 2, 'https://storage2.pitjarus.co/galderma/jsons/20220812/V.31.11618.22081216332240_2_1_display1_1.json'),
(750, 'V.9.16311.22081216351612', 16311, 9, 2, 'https://storage2.pitjarus.co/galderma/jsons/20220812/V.9.16311.22081216351612_2_1_display1_1.json'),
(751, 'V.60.3752.22081216392837', 3752, 60, 2, 'https://storage2.pitjarus.co/galderma/jsons/20220812/V.60.3752.22081216392837_2_1_display1_1.json'),
(752, 'V.60.3752.22081216392837', 3752, 60, 2, 'https://storage2.pitjarus.co/galderma/jsons/20220812/V.60.3752.22081216392837_2_2_display1_1.json'),
(753, 'V.43.2007.22081216411195', 2007, 43, 1, 'https://storage2.pitjarus.co/galderma/jsons/20220812/V.43.2007.22081216411195_1_1_display1_1.json'),
(754, 'V.43.2007.22081216411195', 2007, 43, 1, 'https://storage2.pitjarus.co/galderma/jsons/20220812/V.43.2007.22081216411195_1_2_display1_1.json'),
(755, 'V.43.2007.22081216411195', 2007, 43, 2, 'https://storage2.pitjarus.co/galderma/jsons/20220812/V.43.2007.22081216411195_2_1_display1_1.json'),
(756, 'V.43.2007.22081216411195', 2007, 43, 2, 'https://storage2.pitjarus.co/galderma/jsons/20220812/V.43.2007.22081216411195_2_2_display1_1.json'),
(757, 'V.43.2007.22081216411195', 2007, 43, 3, 'https://storage2.pitjarus.co/galderma/jsons/20220812/V.43.2007.22081216411195_3_1_display1_1.json'),
(758, 'V.43.2007.22081216411195', 2007, 43, 3, 'https://storage2.pitjarus.co/galderma/jsons/20220812/V.43.2007.22081216411195_3_2_display1_1.json'),
(759, 'V.43.2007.22081216411195', 2007, 43, 4, 'https://storage2.pitjarus.co/galderma/jsons/20220812/V.43.2007.22081216411195_4_1_display1_1.json'),
(760, 'V.43.2007.22081216411195', 2007, 43, 4, 'https://storage2.pitjarus.co/galderma/jsons/20220812/V.43.2007.22081216411195_4_2_display1_1.json'),
(761, 'V.63.2325.22081216420980', 2325, 63, 1, 'https://storage2.pitjarus.co/galderma/jsons/20220812/V.63.2325.22081216420980_1_1_display1_1.json'),
(762, 'V.63.2325.22081216420980', 2325, 63, 1, 'https://storage2.pitjarus.co/galderma/jsons/20220812/V.63.2325.22081216420980_1_2_display1_1.json'),
(763, 'V.63.2325.22081216420980', 2325, 63, 2, 'https://storage2.pitjarus.co/galderma/jsons/20220812/V.63.2325.22081216420980_2_1_display1_1.json'),
(764, 'V.63.2325.22081216420980', 2325, 63, 4, 'https://storage2.pitjarus.co/galderma/jsons/20220812/V.63.2325.22081216420980_4_2_display1_1.json'),
(765, 'V.9.13605.22081216522166', 13605, 9, 2, 'https://storage2.pitjarus.co/galderma/jsons/20220812/V.9.13605.22081216522166_2_1_display1_1.json'),
(766, 'V.24.757.22081216525266', 757, 24, 1, 'https://storage2.pitjarus.co/galderma/jsons/20220812/V.24.757.22081216525266_1_1_display1_1.json'),
(767, 'V.24.757.22081216525266', 757, 24, 1, 'https://storage2.pitjarus.co/galderma/jsons/20220812/V.24.757.22081216525266_1_2_display1_1.json'),
(768, 'V.24.757.22081216525266', 757, 24, 1, 'https://storage2.pitjarus.co/galderma/jsons/20220812/V.24.757.22081216525266_1_2_display1_2.json'),
(769, 'V.24.757.22081216525266', 757, 24, 2, 'https://storage2.pitjarus.co/galderma/jsons/20220812/V.24.757.22081216525266_2_1_display1_1.json'),
(770, 'V.24.757.22081216525266', 757, 24, 2, 'https://storage2.pitjarus.co/galderma/jsons/20220812/V.24.757.22081216525266_2_2_display1_1.json'),
(771, 'V.24.757.22081216525266', 757, 24, 2, 'https://storage2.pitjarus.co/galderma/jsons/20220812/V.24.757.22081216525266_2_2_display1_2.json'),
(772, 'V.60.14517.22081217080116', 14517, 60, 2, 'https://storage2.pitjarus.co/galderma/jsons/20220812/V.60.14517.22081217080116_2_1_display1_1.json'),
(773, 'V.56.15440.22081217122360', 15440, 56, 2, 'https://storage2.pitjarus.co/galderma/jsons/20220812/V.56.15440.22081217122360_2_1_display1_1.json'),
(774, 'V.60.10809.22081217154409', 10809, 60, 2, 'https://storage2.pitjarus.co/galderma/jsons/20220812/V.60.10809.22081217154409_2_1_display1_1.json'),
(775, 'V.31.1448.22081217161280', 1448, 31, 2, 'https://storage2.pitjarus.co/galderma/jsons/20220812/V.31.1448.22081217161280_2_1_display1_1.json'),
(776, 'V.31.1448.22081217161280', 1448, 31, 2, 'https://storage2.pitjarus.co/galderma/jsons/20220812/V.31.1448.22081217161280_2_2_display1_1.json'),
(777, 'V.31.1448.22081217161280', 1448, 31, 4, 'https://storage2.pitjarus.co/galderma/jsons/20220812/V.31.1448.22081217161280_4_1_display1_1.json'),
(778, 'V.60.3763.22081217334209', 3763, 60, 1, 'https://storage2.pitjarus.co/galderma/jsons/20220812/V.60.3763.22081217334209_1_1_display1_1.json'),
(779, 'V.60.3763.22081217334209', 3763, 60, 2, 'https://storage2.pitjarus.co/galderma/jsons/20220812/V.60.3763.22081217334209_2_1_display1_1.json'),
(780, 'V.60.3763.22081217334209', 3763, 60, 2, 'https://storage2.pitjarus.co/galderma/jsons/20220812/V.60.3763.22081217334209_2_1_display2_1.json'),
(781, 'V.60.3763.22081217334209', 3763, 60, 2, 'https://storage2.pitjarus.co/galderma/jsons/20220812/V.60.3763.22081217334209_2_2_display1_1.json'),
(782, 'V.60.14518.22081217573208', 14518, 60, 2, 'https://storage2.pitjarus.co/galderma/jsons/20220812/V.60.14518.22081217573208_2_1_display1_1.json'),
(783, 'V.26.2342.22081308404111', 2342, 26, 1, 'https://storage2.pitjarus.co/galderma/jsons/20220813/V.26.2342.22081308404111_1_2_display1_1.json'),
(784, 'V.26.2342.22081308404111', 2342, 26, 2, 'https://storage2.pitjarus.co/galderma/jsons/20220813/V.26.2342.22081308404111_2_1_display1_1.json'),
(785, 'V.26.2342.22081308404111', 2342, 26, 2, 'https://storage2.pitjarus.co/galderma/jsons/20220813/V.26.2342.22081308404111_2_2_display1_1.json'),
(786, 'V.26.2342.22081308404111', 2342, 26, 3, 'https://storage2.pitjarus.co/galderma/jsons/20220813/V.26.2342.22081308404111_3_1_display1_1.json'),
(787, 'V.47.8632.22081308421256', 8632, 47, 2, 'https://storage2.pitjarus.co/galderma/jsons/20220813/V.47.8632.22081308421256_2_1_display1_1.json'),
(788, 'V.47.4284.22081308512649', 4284, 47, 1, 'https://storage2.pitjarus.co/galderma/jsons/20220813/V.47.4284.22081308512649_1_1_display1_1.json'),
(789, 'V.47.4284.22081308512649', 4284, 47, 2, 'https://storage2.pitjarus.co/galderma/jsons/20220813/V.47.4284.22081308512649_2_1_display1_1.json'),
(790, 'V.47.4284.22081308512649', 4284, 47, 2, 'https://storage2.pitjarus.co/galderma/jsons/20220813/V.47.4284.22081308512649_2_2_display1_1.json'),
(791, 'V.9.11116.22081308584373', 11116, 9, 2, 'https://storage2.pitjarus.co/galderma/jsons/20220813/V.9.11116.22081308584373_2_1_display1_1.json'),
(792, 'V.12.13962.22081309001393', 13962, 12, 2, 'https://storage2.pitjarus.co/galderma/jsons/20220813/V.12.13962.22081309001393_2_1_display1_1.json'),
(793, 'V.62.11358.22081309075516', 11358, 62, 2, 'https://storage2.pitjarus.co/galderma/jsons/20220813/V.62.11358.22081309075516_2_1_display1_1.json'),
(794, 'V.42.16679.22081309080266', 16679, 42, 2, 'https://storage2.pitjarus.co/galderma/jsons/20220813/V.42.16679.22081309080266_2_1_display1_1.json'),
(795, 'V.42.16679.22081309080266', 16679, 42, 2, 'https://storage2.pitjarus.co/galderma/jsons/20220813/V.42.16679.22081309080266_2_1_display2_1.json'),
(796, 'V.42.16679.22081309080266', 16679, 42, 2, 'https://storage2.pitjarus.co/galderma/jsons/20220813/V.42.16679.22081309080266_2_2_display1_1.json'),
(797, 'V.47.8633.22081309121259', 8633, 47, 2, 'https://storage2.pitjarus.co/galderma/jsons/20220813/V.47.8633.22081309121259_2_1_display1_1.json'),
(798, 'V.9.15147.22081309122069', 15147, 9, 1, 'https://storage2.pitjarus.co/galderma/jsons/20220813/V.9.15147.22081309122069_1_1_display1_1.json'),
(799, 'V.9.15147.22081309122069', 15147, 9, 1, 'https://storage2.pitjarus.co/galderma/jsons/20220813/V.9.15147.22081309122069_1_2_display1_1.json'),
(800, 'V.9.15147.22081309122069', 15147, 9, 1, 'https://storage2.pitjarus.co/galderma/jsons/20220813/V.9.15147.22081309122069_1_2_display2_1.json'),
(801, 'V.9.15147.22081309122069', 15147, 9, 2, 'https://storage2.pitjarus.co/galderma/jsons/20220813/V.9.15147.22081309122069_2_1_display1_1.json'),
(802, 'V.9.15147.22081309122069', 15147, 9, 2, 'https://storage2.pitjarus.co/galderma/jsons/20220813/V.9.15147.22081309122069_2_2_display1_1.json'),
(803, 'V.48.15618.22081309163899', 15618, 48, 1, 'https://storage2.pitjarus.co/galderma/jsons/20220813/V.48.15618.22081309163899_1_1_display1_1.json'),
(804, 'V.48.15618.22081309163899', 15618, 48, 2, 'https://storage2.pitjarus.co/galderma/jsons/20220813/V.48.15618.22081309163899_2_1_display1_1.json'),
(805, 'V.31.8057.22081309172127', 8057, 31, 2, 'https://storage2.pitjarus.co/galderma/jsons/20220813/V.31.8057.22081309172127_2_1_display1_1.json'),
(806, 'V.66.15487.22081309173497', 15487, 66, 2, 'https://storage2.pitjarus.co/galderma/jsons/20220813/V.66.15487.22081309173497_2_1_display1_1.json'),
(807, 'V.66.15487.22081309173497', 15487, 66, 2, 'https://storage2.pitjarus.co/galderma/jsons/20220813/V.66.15487.22081309173497_2_1_display1_1.json'),
(808, 'V.41.16881.22081309214542', 16881, 41, 2, 'https://storage2.pitjarus.co/galderma/jsons/20220813/V.41.16881.22081309214542_2_1_display1_1.json'),
(809, 'V.31.11669.22081309224733', 11669, 31, 2, 'https://storage2.pitjarus.co/galderma/jsons/20220813/V.31.11669.22081309224733_2_1_display1_1.json'),
(810, 'V.90.16360.22081309341822', 16360, 90, 2, 'https://storage2.pitjarus.co/galderma/jsons/20220813/V.90.16360.22081309341822_2_1_display1_1.json'),
(811, 'V.90.16360.22081309341822', 16360, 90, 2, 'https://storage2.pitjarus.co/galderma/jsons/20220813/V.90.16360.22081309341822_2_2_display1_1.json'),
(812, 'V.69.15192.22081309344515', 15192, 69, 2, 'https://storage2.pitjarus.co/galderma/jsons/20220813/V.69.15192.22081309344515_2_1_display1_1.json'),
(813, 'V.66.15324.22081309355903', 15324, 66, 2, 'https://storage2.pitjarus.co/galderma/jsons/20220813/V.66.15324.22081309355903_2_1_display1_1.json'),
(814, 'V.66.15324.22081309355903', 15324, 66, 2, 'https://storage2.pitjarus.co/galderma/jsons/20220813/V.66.15324.22081309355903_2_1_display1_1.json'),
(815, 'V.31.1231.22081309363535', 1231, 31, 2, 'https://storage2.pitjarus.co/galderma/jsons/20220813/V.31.1231.22081309363535_2_1_display1_1.json'),
(816, 'V.31.1231.22081309363535', 1231, 31, 2, 'https://storage2.pitjarus.co/galderma/jsons/20220813/V.31.1231.22081309363535_2_2_display1_1.json'),
(817, 'V.31.1231.22081309363535', 1231, 31, 4, 'https://storage2.pitjarus.co/galderma/jsons/20220813/V.31.1231.22081309363535_4_1_display1_1.json'),
(818, 'V.12.13963.22081309402682', 13963, 12, 2, 'https://storage2.pitjarus.co/galderma/jsons/20220813/V.12.13963.22081309402682_2_1_display1_1.json'),
(819, 'V.62.9205.22081309403467', 9205, 62, 2, 'https://storage2.pitjarus.co/galderma/jsons/20220813/V.62.9205.22081309403467_2_1_display1_1.json'),
(820, 'V.47.8634.22081309433484', 8634, 47, 2, 'https://storage2.pitjarus.co/galderma/jsons/20220813/V.47.8634.22081309433484_2_1_display1_1.json'),
(821, 'V.41.16882.22081309443893', 16882, 41, 2, 'https://storage2.pitjarus.co/galderma/jsons/20220813/V.41.16882.22081309443893_2_1_display1_1.json'),
(822, 'V.63.10129.22081309453826', 10129, 63, 2, 'https://storage2.pitjarus.co/galderma/jsons/20220813/V.63.10129.22081309453826_2_1_display1_1.json'),
(823, 'V.23.14915.22081309463458', 14915, 23, 1, 'https://storage2.pitjarus.co/galderma/jsons/20220813/V.23.14915.22081309463458_1_1_display1_1.json'),
(824, 'V.23.14915.22081309463458', 14915, 23, 1, 'https://storage2.pitjarus.co/galderma/jsons/20220813/V.23.14915.22081309463458_1_1_display2_1.json'),
(825, 'V.23.14915.22081309463458', 14915, 23, 2, 'https://storage2.pitjarus.co/galderma/jsons/20220813/V.23.14915.22081309463458_2_1_display1_1.json'),
(826, 'V.23.14915.22081309463458', 14915, 23, 2, 'https://storage2.pitjarus.co/galderma/jsons/20220813/V.23.14915.22081309463458_2_1_display2_1.json'),
(827, 'V.23.14915.22081309463458', 14915, 23, 2, 'https://storage2.pitjarus.co/galderma/jsons/20220813/V.23.14915.22081309463458_2_2_display1_1.json'),
(828, 'V.10.9717.22081309473579', 9717, 10, 2, 'https://storage2.pitjarus.co/galderma/jsons/20220813/V.10.9717.22081309473579_2_1_display1_1.json'),
(829, 'V.10.9717.22081309473579', 9717, 10, 2, 'https://storage2.pitjarus.co/galderma/jsons/20220813/V.10.9717.22081309473579_2_1_display2_1.json'),
(830, 'V.90.16957.22081309480548', 16957, 90, 2, 'https://storage2.pitjarus.co/galderma/jsons/20220813/V.90.16957.22081309480548_2_1_display1_1.json'),
(831, 'V.90.16957.22081309480548', 16957, 90, 2, 'https://storage2.pitjarus.co/galderma/jsons/20220813/V.90.16957.22081309480548_2_2_display1_1.json'),
(832, 'V.82.16645.22081309485460', 16645, 82, 2, 'https://storage2.pitjarus.co/galderma/jsons/20220813/V.82.16645.22081309485460_2_1_display1_1.json'),
(833, 'V.82.16645.22081309485460', 16645, 82, 4, 'https://storage2.pitjarus.co/galderma/jsons/20220813/V.82.16645.22081309485460_4_1_display1_1.json'),
(834, 'V.9.14039.22081309495644', 14039, 9, 2, 'https://storage2.pitjarus.co/galderma/jsons/20220813/V.9.14039.22081309495644_2_1_display1_1.json'),
(835, 'V.66.14663.22081309523179', 14663, 66, 2, 'https://storage2.pitjarus.co/galderma/jsons/20220813/V.66.14663.22081309523179_2_1_display1_1.json'),
(836, 'V.66.14663.22081309523179', 14663, 66, 2, 'https://storage2.pitjarus.co/galderma/jsons/20220813/V.66.14663.22081309523179_2_1_display1_1.json'),
(837, 'V.10.6897.22081309525671', 6897, 10, 2, 'https://storage2.pitjarus.co/galderma/jsons/20220813/V.10.6897.22081309525671_2_1_display1_1.json'),
(838, 'V.10.6897.22081309525671', 6897, 10, 2, 'https://storage2.pitjarus.co/galderma/jsons/20220813/V.10.6897.22081309525671_2_1_display2_1.json'),
(839, 'V.47.9927.22081309531941', 9927, 47, 2, 'https://storage2.pitjarus.co/galderma/jsons/20220813/V.47.9927.22081309531941_2_1_display1_1.json'),
(840, 'V.94.17070.22081309564711', 17070, 94, 2, 'https://storage2.pitjarus.co/galderma/jsons/20220813/V.94.17070.22081309564711_2_1_display1_1.json'),
(841, 'V.94.17070.22081309564711', 17070, 94, 2, 'https://storage2.pitjarus.co/galderma/jsons/20220813/V.94.17070.22081309564711_2_1_display1_2.json'),
(842, 'V.69.15201.22081309573956', 15201, 69, 2, 'https://storage2.pitjarus.co/galderma/jsons/20220813/V.69.15201.22081309573956_2_1_display1_1.json'),
(843, 'V.30.1172.22081310022980', 1172, 30, 1, 'https://storage2.pitjarus.co/galderma/jsons/20220813/V.30.1172.22081310022980_1_2_display1_1.json'),
(844, 'V.30.1172.22081310022980', 1172, 30, 2, 'https://storage2.pitjarus.co/galderma/jsons/20220813/V.30.1172.22081310022980_2_1_display1_1.json'),
(845, 'V.30.1172.22081310022980', 1172, 30, 2, 'https://storage2.pitjarus.co/galderma/jsons/20220813/V.30.1172.22081310022980_2_2_display1_1.json'),
(846, 'V.47.1422.22081310040255', 1422, 47, 2, 'https://storage2.pitjarus.co/galderma/jsons/20220813/V.47.1422.22081310040255_2_1_display1_1.json'),
(847, 'V.47.1422.22081310040255', 1422, 47, 2, 'https://storage2.pitjarus.co/galderma/jsons/20220813/V.47.1422.22081310040255_2_1_display2_1.json'),
(848, 'V.47.1422.22081310040255', 1422, 47, 2, 'https://storage2.pitjarus.co/galderma/jsons/20220813/V.47.1422.22081310040255_2_2_display1_1.json'),
(849, 'V.32.1328.22081310040649', 1328, 32, 2, 'https://storage2.pitjarus.co/galderma/jsons/20220813/V.32.1328.22081310040649_2_1_display1_1.json'),
(850, 'V.32.1328.22081310040649', 1328, 32, 2, 'https://storage2.pitjarus.co/galderma/jsons/20220813/V.32.1328.22081310040649_2_2_display1_1.json'),
(851, 'V.32.1328.22081310040649', 1328, 32, 4, 'https://storage2.pitjarus.co/galderma/jsons/20220813/V.32.1328.22081310040649_4_1_display1_1.json'),
(852, 'V.32.1328.22081310040649', 1328, 32, 4, 'https://storage2.pitjarus.co/galderma/jsons/20220813/V.32.1328.22081310040649_4_2_display1_1.json'),
(853, 'V.48.14961.22081310043123', 14961, 48, 2, 'https://storage2.pitjarus.co/galderma/jsons/20220813/V.48.14961.22081310043123_2_1_display1_1.json'),
(854, 'V.90.16970.22081310071785', 16970, 90, 2, 'https://storage2.pitjarus.co/galderma/jsons/20220813/V.90.16970.22081310071785_2_1_display1_1.json'),
(855, 'V.90.16970.22081310071785', 16970, 90, 2, 'https://storage2.pitjarus.co/galderma/jsons/20220813/V.90.16970.22081310071785_2_2_display1_1.json'),
(856, 'V.49.4857.22081310111382', 4857, 49, 2, 'https://storage2.pitjarus.co/galderma/jsons/20220813/V.49.4857.22081310111382_2_1_display1_1.json'),
(857, 'V.49.4857.22081310111382', 4857, 49, 2, 'https://storage2.pitjarus.co/galderma/jsons/20220813/V.49.4857.22081310111382_2_2_display1_1.json'),
(858, 'V.94.17071.22081310115343', 17071, 94, 2, 'https://storage2.pitjarus.co/galderma/jsons/20220813/V.94.17071.22081310115343_2_1_display1_1.json'),
(859, 'V.94.17071.22081310115343', 17071, 94, 2, 'https://storage2.pitjarus.co/galderma/jsons/20220813/V.94.17071.22081310115343_2_1_display1_2.json'),
(860, 'V.63.10130.22081310141319', 10130, 63, 2, 'https://storage2.pitjarus.co/galderma/jsons/20220813/V.63.10130.22081310141319_2_1_display1_1.json'),
(861, 'V.41.1697.22081310150261', 1697, 41, 1, 'https://storage2.pitjarus.co/galderma/jsons/20220813/V.41.1697.22081310150261_1_1_display1_1.json'),
(862, 'V.41.1697.22081310150261', 1697, 41, 1, 'https://storage2.pitjarus.co/galderma/jsons/20220813/V.41.1697.22081310150261_1_2_display1_1.json'),
(863, 'V.41.1697.22081310150261', 1697, 41, 2, 'https://storage2.pitjarus.co/galderma/jsons/20220813/V.41.1697.22081310150261_2_1_display1_1.json'),
(864, 'V.41.1697.22081310150261', 1697, 41, 2, 'https://storage2.pitjarus.co/galderma/jsons/20220813/V.41.1697.22081310150261_2_1_display2_1.json'),
(865, 'V.41.1697.22081310150261', 1697, 41, 2, 'https://storage2.pitjarus.co/galderma/jsons/20220813/V.41.1697.22081310150261_2_2_display1_1.json'),
(866, 'V.90.16969.22081310151878', 16969, 90, 2, 'https://storage2.pitjarus.co/galderma/jsons/20220813/V.90.16969.22081310151878_2_1_display1_1.json'),
(867, 'V.90.16969.22081310151878', 16969, 90, 2, 'https://storage2.pitjarus.co/galderma/jsons/20220813/V.90.16969.22081310151878_2_2_display1_1.json'),
(868, 'V.45.1419.22081310154693', 1419, 45, 1, 'https://storage2.pitjarus.co/galderma/jsons/20220813/V.45.1419.22081310154693_1_1_display1_1.json'),
(869, 'V.45.1419.22081310154693', 1419, 45, 1, 'https://storage2.pitjarus.co/galderma/jsons/20220813/V.45.1419.22081310154693_1_1_display2_1.json'),
(870, 'V.45.1419.22081310154693', 1419, 45, 1, 'https://storage2.pitjarus.co/galderma/jsons/20220813/V.45.1419.22081310154693_1_2_display1_1.json'),
(871, 'V.45.1419.22081310154693', 1419, 45, 1, 'https://storage2.pitjarus.co/galderma/jsons/20220813/V.45.1419.22081310154693_1_2_display2_1.json'),
(872, 'V.45.1419.22081310154693', 1419, 45, 2, 'https://storage2.pitjarus.co/galderma/jsons/20220813/V.45.1419.22081310154693_2_1_display1_1.json'),
(873, 'V.45.1419.22081310154693', 1419, 45, 2, 'https://storage2.pitjarus.co/galderma/jsons/20220813/V.45.1419.22081310154693_2_1_display2_1.json'),
(874, 'V.45.1419.22081310154693', 1419, 45, 2, 'https://storage2.pitjarus.co/galderma/jsons/20220813/V.45.1419.22081310154693_2_2_display1_1.json'),
(875, 'V.45.1419.22081310154693', 1419, 45, 2, 'https://storage2.pitjarus.co/galderma/jsons/20220813/V.45.1419.22081310154693_2_2_display2_1.json'),
(876, 'V.45.1419.22081310154693', 1419, 45, 3, 'https://storage2.pitjarus.co/galderma/jsons/20220813/V.45.1419.22081310154693_3_1_display1_1.json'),
(877, 'V.45.1419.22081310154693', 1419, 45, 3, 'https://storage2.pitjarus.co/galderma/jsons/20220813/V.45.1419.22081310154693_3_1_display2_1.json'),
(878, 'V.45.1419.22081310154693', 1419, 45, 3, 'https://storage2.pitjarus.co/galderma/jsons/20220813/V.45.1419.22081310154693_3_1_display1_2.json'),
(879, 'V.45.1419.22081310154693', 1419, 45, 3, 'https://storage2.pitjarus.co/galderma/jsons/20220813/V.45.1419.22081310154693_3_1_display2_2.json'),
(880, 'V.45.1419.22081310154693', 1419, 45, 3, 'https://storage2.pitjarus.co/galderma/jsons/20220813/V.45.1419.22081310154693_3_2_display1_1.json'),
(881, 'V.45.1419.22081310154693', 1419, 45, 3, 'https://storage2.pitjarus.co/galderma/jsons/20220813/V.45.1419.22081310154693_3_2_display2_1.json'),
(882, 'V.26.8686.22081310164407', 8686, 26, 2, 'https://storage2.pitjarus.co/galderma/jsons/20220813/V.26.8686.22081310164407_2_1_display1_1.json'),
(883, 'V.26.8686.22081310164407', 8686, 26, 2, 'https://storage2.pitjarus.co/galderma/jsons/20220813/V.26.8686.22081310164407_2_2_display1_1.json'),
(884, 'V.82.7702.22081310165822', 7702, 82, 1, 'https://storage2.pitjarus.co/galderma/jsons/20220813/V.82.7702.22081310165822_1_1_display1_1.json'),
(885, 'V.82.7702.22081310165822', 7702, 82, 1, 'https://storage2.pitjarus.co/galderma/jsons/20220813/V.82.7702.22081310165822_1_2_display1_1.json'),
(886, 'V.82.7702.22081310165822', 7702, 82, 1, 'https://storage2.pitjarus.co/galderma/jsons/20220813/V.82.7702.22081310165822_1_2_display1_2.json'),
(887, 'V.82.7702.22081310165822', 7702, 82, 2, 'https://storage2.pitjarus.co/galderma/jsons/20220813/V.82.7702.22081310165822_2_1_display1_1.json'),
(888, 'V.82.7702.22081310165822', 7702, 82, 2, 'https://storage2.pitjarus.co/galderma/jsons/20220813/V.82.7702.22081310165822_2_2_display1_2.json'),
(889, 'V.66.15325.22081310171529', 15325, 66, 2, 'https://storage2.pitjarus.co/galderma/jsons/20220813/V.66.15325.22081310171529_2_1_display1_1.json'),
(890, 'V.66.15325.22081310171529', 15325, 66, 2, 'https://storage2.pitjarus.co/galderma/jsons/20220813/V.66.15325.22081310171529_2_1_display1_1.json'),
(891, 'V.88.1418.22081310221148', 1418, 88, 1, 'https://storage2.pitjarus.co/galderma/jsons/20220813/V.88.1418.22081310221148_1_1_display1_1.json'),
(892, 'V.88.1418.22081310221148', 1418, 88, 2, 'https://storage2.pitjarus.co/galderma/jsons/20220813/V.88.1418.22081310221148_2_1_display1_1.json'),
(893, 'V.88.1418.22081310221148', 1418, 88, 2, 'https://storage2.pitjarus.co/galderma/jsons/20220813/V.88.1418.22081310221148_2_2_display1_1.json'),
(894, 'V.88.1418.22081310221148', 1418, 88, 2, 'https://storage2.pitjarus.co/galderma/jsons/20220813/V.88.1418.22081310221148_2_2_display1_2.json'),
(895, 'V.88.1418.22081310221148', 1418, 88, 2, 'https://storage2.pitjarus.co/galderma/jsons/20220813/V.88.1418.22081310221148_2_2_display2_2.json'),
(896, 'V.69.17081.22081310232201', 17081, 69, 2, 'https://storage2.pitjarus.co/galderma/jsons/20220813/V.69.17081.22081310232201_2_1_display1_1.json'),
(897, 'V.69.17081.22081310232201', 17081, 69, 2, 'https://storage2.pitjarus.co/galderma/jsons/20220813/V.69.17081.22081310232201_2_1_display2_1.json'),
(898, 'V.69.17081.22081310232201', 17081, 69, 2, 'https://storage2.pitjarus.co/galderma/jsons/20220813/V.69.17081.22081310232201_2_1_display1_2.json'),
(899, 'V.69.17081.22081310232201', 17081, 69, 2, 'https://storage2.pitjarus.co/galderma/jsons/20220813/V.69.17081.22081310232201_2_1_display2_2.json'),
(900, 'V.69.17081.22081310232201', 17081, 69, 2, 'https://storage2.pitjarus.co/galderma/jsons/20220813/V.69.17081.22081310232201_2_2_display1_1.json'),
(901, 'V.69.17081.22081310232201', 17081, 69, 4, 'https://storage2.pitjarus.co/galderma/jsons/20220813/V.69.17081.22081310232201_4_1_display1_1.json'),
(902, 'V.30.15905.22081310262304', 15905, 30, 2, 'https://storage2.pitjarus.co/galderma/jsons/20220813/V.30.15905.22081310262304_2_1_display1_1.json'),
(903, 'V.30.15905.22081310262304', 15905, 30, 2, 'https://storage2.pitjarus.co/galderma/jsons/20220813/V.30.15905.22081310262304_2_2_display1_1.json'),
(904, 'V.10.303.22081310272405', 303, 10, 1, 'https://storage2.pitjarus.co/galderma/jsons/20220813/V.10.303.22081310272405_1_1_display1_1.json'),
(905, 'V.10.303.22081310272405', 303, 10, 1, 'https://storage2.pitjarus.co/galderma/jsons/20220813/V.10.303.22081310272405_1_1_display2_1.json'),
(906, 'V.10.303.22081310272405', 303, 10, 2, 'https://storage2.pitjarus.co/galderma/jsons/20220813/V.10.303.22081310272405_2_1_display1_1.json'),
(907, 'V.10.303.22081310272405', 303, 10, 2, 'https://storage2.pitjarus.co/galderma/jsons/20220813/V.10.303.22081310272405_2_1_display2_1.json'),
(908, 'V.10.303.22081310272405', 303, 10, 2, 'https://storage2.pitjarus.co/galderma/jsons/20220813/V.10.303.22081310272405_2_2_display1_1.json'),
(909, 'V.10.303.22081310272405', 303, 10, 2, 'https://storage2.pitjarus.co/galderma/jsons/20220813/V.10.303.22081310272405_2_2_display2_1.json'),
(910, 'V.10.303.22081310272405', 303, 10, 2, 'https://storage2.pitjarus.co/galderma/jsons/20220813/V.10.303.22081310272405_2_2_display1_2.json'),
(911, 'V.26.8687.22081310280790', 8687, 26, 2, 'https://storage2.pitjarus.co/galderma/jsons/20220813/V.26.8687.22081310280790_2_1_display1_1.json'),
(912, 'V.26.8687.22081310280790', 8687, 26, 2, 'https://storage2.pitjarus.co/galderma/jsons/20220813/V.26.8687.22081310280790_2_2_display1_1.json'),
(913, 'V.31.685.22081310335128', 685, 31, 2, 'https://storage2.pitjarus.co/galderma/jsons/20220813/V.31.685.22081310335128_2_1_display1_1.json'),
(914, 'V.31.685.22081310335128', 685, 31, 2, 'https://storage2.pitjarus.co/galderma/jsons/20220813/V.31.685.22081310335128_2_2_display1_1.json'),
(915, 'V.31.685.22081310335128', 685, 31, 3, 'https://storage2.pitjarus.co/galderma/jsons/20220813/V.31.685.22081310335128_3_1_display1_1.json'),
(916, 'V.31.685.22081310335128', 685, 31, 4, 'https://storage2.pitjarus.co/galderma/jsons/20220813/V.31.685.22081310335128_4_1_display1_1.json'),
(917, 'V.26.9740.22081310344811', 9740, 26, 2, 'https://storage2.pitjarus.co/galderma/jsons/20220813/V.26.9740.22081310344811_2_1_display1_1.json'),
(918, 'V.26.9740.22081310344811', 9740, 26, 2, 'https://storage2.pitjarus.co/galderma/jsons/20220813/V.26.9740.22081310344811_2_2_display1_1.json'),
(919, 'V.56.3575.22081310372607', 3575, 56, 1, 'https://storage2.pitjarus.co/galderma/jsons/20220813/V.56.3575.22081310372607_1_1_display1_1.json'),
(920, 'V.56.3575.22081310372607', 3575, 56, 1, 'https://storage2.pitjarus.co/galderma/jsons/20220813/V.56.3575.22081310372607_1_2_display1_1.json'),
(921, 'V.56.3575.22081310372607', 3575, 56, 2, 'https://storage2.pitjarus.co/galderma/jsons/20220813/V.56.3575.22081310372607_2_1_display1_1.json'),
(922, 'V.56.3575.22081310372607', 3575, 56, 2, 'https://storage2.pitjarus.co/galderma/jsons/20220813/V.56.3575.22081310372607_2_2_display1_1.json'),
(923, 'V.32.1879.22081310381122', 1879, 32, 1, 'https://storage2.pitjarus.co/galderma/jsons/20220813/V.32.1879.22081310381122_1_1_display1_1.json'),
(924, 'V.32.1879.22081310381122', 1879, 32, 1, 'https://storage2.pitjarus.co/galderma/jsons/20220813/V.32.1879.22081310381122_1_2_display1_1.json'),
(925, 'V.32.1879.22081310381122', 1879, 32, 2, 'https://storage2.pitjarus.co/galderma/jsons/20220813/V.32.1879.22081310381122_2_1_display1_1.json'),
(926, 'V.32.1879.22081310381122', 1879, 32, 2, 'https://storage2.pitjarus.co/galderma/jsons/20220813/V.32.1879.22081310381122_2_2_display1_1.json'),
(927, 'V.32.1879.22081310381122', 1879, 32, 3, 'https://storage2.pitjarus.co/galderma/jsons/20220813/V.32.1879.22081310381122_3_1_display1_1.json'),
(928, 'V.32.1879.22081310381122', 1879, 32, 4, 'https://storage2.pitjarus.co/galderma/jsons/20220813/V.32.1879.22081310381122_4_1_display1_1.json'),
(929, 'V.94.17072.22081310383445', 17072, 94, 2, 'https://storage2.pitjarus.co/galderma/jsons/20220813/V.94.17072.22081310383445_2_1_display1_1.json'),
(930, 'V.94.17072.22081310383445', 17072, 94, 2, 'https://storage2.pitjarus.co/galderma/jsons/20220813/V.94.17072.22081310383445_2_1_display1_2.json'),
(931, 'V.30.14074.22081310384899', 14074, 30, 2, 'https://storage2.pitjarus.co/galderma/jsons/20220813/V.30.14074.22081310384899_2_1_display1_1.json'),
(932, 'V.30.14074.22081310384899', 14074, 30, 2, 'https://storage2.pitjarus.co/galderma/jsons/20220813/V.30.14074.22081310384899_2_2_display1_1.json'),
(933, 'V.94.17073.22081310430567', 17073, 94, 2, 'https://storage2.pitjarus.co/galderma/jsons/20220813/V.94.17073.22081310430567_2_1_display1_1.json'),
(934, 'V.94.17073.22081310430567', 17073, 94, 2, 'https://storage2.pitjarus.co/galderma/jsons/20220813/V.94.17073.22081310430567_2_1_display1_2.json'),
(935, 'V.45.12515.22081310462950', 12515, 45, 2, 'https://storage2.pitjarus.co/galderma/jsons/20220813/V.45.12515.22081310462950_2_1_display1_1.json'),
(936, 'V.45.12515.22081310462950', 12515, 45, 2, 'https://storage2.pitjarus.co/galderma/jsons/20220813/V.45.12515.22081310462950_2_1_display2_1.json'),
(937, 'V.48.14962.22081310480632', 14962, 48, 2, 'https://storage2.pitjarus.co/galderma/jsons/20220813/V.48.14962.22081310480632_2_1_display1_1.json'),
(938, 'V.82.7703.22081310480665', 7703, 82, 1, 'https://storage2.pitjarus.co/galderma/jsons/20220813/V.82.7703.22081310480665_1_1_display1_1.json'),
(939, 'V.82.7703.22081310480665', 7703, 82, 2, 'https://storage2.pitjarus.co/galderma/jsons/20220813/V.82.7703.22081310480665_2_1_display1_1.json'),
(940, 'V.82.7703.22081310480665', 7703, 82, 2, 'https://storage2.pitjarus.co/galderma/jsons/20220813/V.82.7703.22081310480665_2_2_display1_1.json'),
(941, 'V.82.7703.22081310480665', 7703, 82, 2, 'https://storage2.pitjarus.co/galderma/jsons/20220813/V.82.7703.22081310480665_2_2_display1_2.json'),
(942, 'V.63.15814.22081310483982', 15814, 63, 1, 'https://storage2.pitjarus.co/galderma/jsons/20220813/V.63.15814.22081310483982_1_1_display1_1.json'),
(943, 'V.63.15814.22081310483982', 15814, 63, 1, 'https://storage2.pitjarus.co/galderma/jsons/20220813/V.63.15814.22081310483982_1_2_display1_1.json'),
(944, 'V.63.15814.22081310483982', 15814, 63, 2, 'https://storage2.pitjarus.co/galderma/jsons/20220813/V.63.15814.22081310483982_2_1_display1_1.json'),
(945, 'V.63.15814.22081310483982', 15814, 63, 2, 'https://storage2.pitjarus.co/galderma/jsons/20220813/V.63.15814.22081310483982_2_1_display2_1.json'),
(946, 'V.23.1198.22081310484317', 1198, 23, 1, 'https://storage2.pitjarus.co/galderma/jsons/20220813/V.23.1198.22081310484317_1_1_display1_1.json'),
(947, 'V.23.1198.22081310484317', 1198, 23, 2, 'https://storage2.pitjarus.co/galderma/jsons/20220813/V.23.1198.22081310484317_2_1_display1_1.json'),
(948, 'V.23.1198.22081310484317', 1198, 23, 2, 'https://storage2.pitjarus.co/galderma/jsons/20220813/V.23.1198.22081310484317_2_1_display2_1.json'),
(949, 'V.23.1198.22081310484317', 1198, 23, 2, 'https://storage2.pitjarus.co/galderma/jsons/20220813/V.23.1198.22081310484317_2_2_display1_1.json'),
(950, 'V.90.16342.22081310484331', 16342, 90, 1, 'https://storage2.pitjarus.co/galderma/jsons/20220813/V.90.16342.22081310484331_1_1_display1_1.json'),
(951, 'V.90.16342.22081310484331', 16342, 90, 2, 'https://storage2.pitjarus.co/galderma/jsons/20220813/V.90.16342.22081310484331_2_1_display1_1.json'),
(952, 'V.90.16342.22081310484331', 16342, 90, 2, 'https://storage2.pitjarus.co/galderma/jsons/20220813/V.90.16342.22081310484331_2_2_display1_1.json'),
(953, 'V.41.15294.22081310484697', 15294, 41, 2, 'https://storage2.pitjarus.co/galderma/jsons/20220813/V.41.15294.22081310484697_2_1_display1_1.json'),
(954, 'V.88.7341.22081310500703', 7341, 88, 2, 'https://storage2.pitjarus.co/galderma/jsons/20220813/V.88.7341.22081310500703_2_1_display1_1.json'),
(955, 'V.62.9204.22081310502338', 9204, 62, 2, 'https://storage2.pitjarus.co/galderma/jsons/20220813/V.62.9204.22081310502338_2_1_display1_1.json'),
(956, 'V.8.14440.22081310513731', 14440, 8, 1, 'https://storage2.pitjarus.co/galderma/jsons/20220813/V.8.14440.22081310513731_1_1_display1_1.json'),
(957, 'V.8.14440.22081310513731', 14440, 8, 2, 'https://storage2.pitjarus.co/galderma/jsons/20220813/V.8.14440.22081310513731_2_1_display1_1.json'),
(958, 'V.8.14440.22081310513731', 14440, 8, 2, 'https://storage2.pitjarus.co/galderma/jsons/20220813/V.8.14440.22081310513731_2_2_display1_1.json'),
(959, 'V.24.14143.22081310551675', 14143, 24, 1, 'https://storage2.pitjarus.co/galderma/jsons/20220813/V.24.14143.22081310551675_1_1_display1_1.json'),
(960, 'V.24.14143.22081310551675', 14143, 24, 1, 'https://storage2.pitjarus.co/galderma/jsons/20220813/V.24.14143.22081310551675_1_1_display2_1.json'),
(961, 'V.24.14143.22081310551675', 14143, 24, 1, 'https://storage2.pitjarus.co/galderma/jsons/20220813/V.24.14143.22081310551675_1_1_display1_2.json'),
(962, 'V.24.14143.22081310551675', 14143, 24, 1, 'https://storage2.pitjarus.co/galderma/jsons/20220813/V.24.14143.22081310551675_1_2_display2_1.json'),
(963, 'V.24.14143.22081310551675', 14143, 24, 1, 'https://storage2.pitjarus.co/galderma/jsons/20220813/V.24.14143.22081310551675_1_2_display1_1.json'),
(964, 'V.24.14143.22081310551675', 14143, 24, 1, 'https://storage2.pitjarus.co/galderma/jsons/20220813/V.24.14143.22081310551675_1_2_display1_2.json'),
(965, 'V.24.14143.22081310551675', 14143, 24, 1, 'https://storage2.pitjarus.co/galderma/jsons/20220813/V.24.14143.22081310551675_1_2_display2_2.json'),
(966, 'V.24.14143.22081310551675', 14143, 24, 2, 'https://storage2.pitjarus.co/galderma/jsons/20220813/V.24.14143.22081310551675_2_1_display1_1.json'),
(967, 'V.24.14143.22081310551675', 14143, 24, 2, 'https://storage2.pitjarus.co/galderma/jsons/20220813/V.24.14143.22081310551675_2_2_display1_1.json'),
(968, 'V.12.13964.22081310552020', 13964, 12, 2, 'https://storage2.pitjarus.co/galderma/jsons/20220813/V.12.13964.22081310552020_2_1_display1_1.json'),
(969, 'V.66.5703.22081310553660', 5703, 66, 1, 'https://storage2.pitjarus.co/galderma/jsons/20220813/V.66.5703.22081310553660_1_1_display1_1.json'),
(970, 'V.66.5703.22081310553660', 5703, 66, 1, 'https://storage2.pitjarus.co/galderma/jsons/20220813/V.66.5703.22081310553660_1_1_display1_1.json'),
(971, 'V.66.5703.22081310553660', 5703, 66, 1, 'https://storage2.pitjarus.co/galderma/jsons/20220813/V.66.5703.22081310553660_1_2_display1_1.json'),
(972, 'V.66.5703.22081310553660', 5703, 66, 1, 'https://storage2.pitjarus.co/galderma/jsons/20220813/V.66.5703.22081310553660_1_2_display1_1.json'),
(973, 'V.66.5703.22081310553660', 5703, 66, 2, 'https://storage2.pitjarus.co/galderma/jsons/20220813/V.66.5703.22081310553660_2_1_display1_1.json'),
(974, 'V.66.5703.22081310553660', 5703, 66, 2, 'https://storage2.pitjarus.co/galderma/jsons/20220813/V.66.5703.22081310553660_2_1_display1_1.json'),
(975, 'V.66.5703.22081310553660', 5703, 66, 2, 'https://storage2.pitjarus.co/galderma/jsons/20220813/V.66.5703.22081310553660_2_2_display1_1.json'),
(976, 'V.66.5703.22081310553660', 5703, 66, 2, 'https://storage2.pitjarus.co/galderma/jsons/20220813/V.66.5703.22081310553660_2_2_display1_1.json'),
(977, 'V.66.5703.22081310553660', 5703, 66, 4, 'https://storage2.pitjarus.co/galderma/jsons/20220813/V.66.5703.22081310553660_4_1_display1_1.json'),
(978, 'V.66.5703.22081310553660', 5703, 66, 4, 'https://storage2.pitjarus.co/galderma/jsons/20220813/V.66.5703.22081310553660_4_1_display1_1.json'),
(979, 'V.66.5703.22081310553660', 5703, 66, 4, 'https://storage2.pitjarus.co/galderma/jsons/20220813/V.66.5703.22081310553660_4_2_display1_1.json'),
(980, 'V.66.5703.22081310553660', 5703, 66, 4, 'https://storage2.pitjarus.co/galderma/jsons/20220813/V.66.5703.22081310553660_4_2_display1_1.json'),
(981, 'V.10.302.22081310562588', 302, 10, 1, 'https://storage2.pitjarus.co/galderma/jsons/20220813/V.10.302.22081310562588_1_1_display1_1.json'),
(982, 'V.10.302.22081310562588', 302, 10, 1, 'https://storage2.pitjarus.co/galderma/jsons/20220813/V.10.302.22081310562588_1_1_display2_1.json'),
(983, 'V.10.302.22081310562588', 302, 10, 1, 'https://storage2.pitjarus.co/galderma/jsons/20220813/V.10.302.22081310562588_1_2_display1_1.json'),
(984, 'V.10.302.22081310562588', 302, 10, 2, 'https://storage2.pitjarus.co/galderma/jsons/20220813/V.10.302.22081310562588_2_1_display1_1.json'),
(985, 'V.10.302.22081310562588', 302, 10, 2, 'https://storage2.pitjarus.co/galderma/jsons/20220813/V.10.302.22081310562588_2_1_display2_1.json'),
(986, 'V.10.302.22081310562588', 302, 10, 2, 'https://storage2.pitjarus.co/galderma/jsons/20220813/V.10.302.22081310562588_2_2_display1_1.json'),
(987, 'V.10.302.22081310562588', 302, 10, 4, 'https://storage2.pitjarus.co/galderma/jsons/20220813/V.10.302.22081310562588_4_1_display1_1.json'),
(988, 'V.10.302.22081310562588', 302, 10, 4, 'https://storage2.pitjarus.co/galderma/jsons/20220813/V.10.302.22081310562588_4_1_display2_1.json'),
(989, 'V.31.721.22081310574150', 721, 31, 2, 'https://storage2.pitjarus.co/galderma/jsons/20220813/V.31.721.22081310574150_2_1_display1_1.json'),
(990, 'V.31.721.22081310574150', 721, 31, 2, 'https://storage2.pitjarus.co/galderma/jsons/20220813/V.31.721.22081310574150_2_2_display1_1.json'),
(991, 'V.42.1631.22081311054064', 1631, 42, 1, 'https://storage2.pitjarus.co/galderma/jsons/20220813/V.42.1631.22081311054064_1_1_display1_1.json'),
(992, 'V.42.1631.22081311054064', 1631, 42, 1, 'https://storage2.pitjarus.co/galderma/jsons/20220813/V.42.1631.22081311054064_1_2_display1_1.json'),
(993, 'V.42.1631.22081311054064', 1631, 42, 2, 'https://storage2.pitjarus.co/galderma/jsons/20220813/V.42.1631.22081311054064_2_1_display1_1.json'),
(994, 'V.42.1631.22081311054064', 1631, 42, 2, 'https://storage2.pitjarus.co/galderma/jsons/20220813/V.42.1631.22081311054064_2_2_display1_1.json'),
(995, 'V.8.15160.22081311054720', 15160, 8, 2, 'https://storage2.pitjarus.co/galderma/jsons/20220813/V.8.15160.22081311054720_2_1_display1_1.json'),
(996, 'V.8.15160.22081311054720', 15160, 8, 2, 'https://storage2.pitjarus.co/galderma/jsons/20220813/V.8.15160.22081311054720_2_2_display1_1.json'),
(997, 'V.8.15160.22081311054720', 15160, 8, 4, 'https://storage2.pitjarus.co/galderma/jsons/20220813/V.8.15160.22081311054720_4_1_display1_1.json'),
(998, 'V.30.14075.22081311064333', 14075, 30, 2, 'https://storage2.pitjarus.co/galderma/jsons/20220813/V.30.14075.22081311064333_2_1_display1_1.json'),
(999, 'V.90.16965.22081311113419', 16965, 90, 2, 'https://storage2.pitjarus.co/galderma/jsons/20220813/V.90.16965.22081311113419_2_1_display1_1.json'),
(1000, 'V.90.16965.22081311113419', 16965, 90, 2, 'https://storage2.pitjarus.co/galderma/jsons/20220813/V.90.16965.22081311113419_2_2_display1_1.json'),
(1001, 'V.49.17002.22081311115728', 17002, 49, 1, 'https://storage2.pitjarus.co/galderma/jsons/20220813/V.49.17002.22081311115728_1_1_display1_1.json'),
(1002, 'V.49.17002.22081311115728', 17002, 49, 2, 'https://storage2.pitjarus.co/galderma/jsons/20220813/V.49.17002.22081311115728_2_1_display1_1.json'),
(1003, 'V.49.17002.22081311115728', 17002, 49, 2, 'https://storage2.pitjarus.co/galderma/jsons/20220813/V.49.17002.22081311115728_2_2_display1_1.json'),
(1004, 'V.49.17002.22081311115728', 17002, 49, 2, 'https://storage2.pitjarus.co/galderma/jsons/20220813/V.49.17002.22081311115728_2_2_display1_2.json'),
(1005, 'V.41.13704.22081311122734', 13704, 41, 2, 'https://storage2.pitjarus.co/galderma/jsons/20220813/V.41.13704.22081311122734_2_1_display1_1.json'),
(1006, 'V.56.8557.22081311133171', 8557, 56, 2, 'https://storage2.pitjarus.co/galderma/jsons/20220813/V.56.8557.22081311133171_2_1_display1_1.json'),
(1007, 'V.62.3934.22081311152858', 3934, 62, 2, 'https://storage2.pitjarus.co/galderma/jsons/20220813/V.62.3934.22081311152858_2_1_display1_1.json'),
(1008, 'V.8.7069.22081311161475', 7069, 8, 1, 'https://storage2.pitjarus.co/galderma/jsons/20220813/V.8.7069.22081311161475_1_1_display1_1.json'),
(1009, 'V.8.7069.22081311161475', 7069, 8, 1, 'https://storage2.pitjarus.co/galderma/jsons/20220813/V.8.7069.22081311161475_1_2_display1_1.json'),
(1010, 'V.8.7069.22081311161475', 7069, 8, 2, 'https://storage2.pitjarus.co/galderma/jsons/20220813/V.8.7069.22081311161475_2_1_display1_1.json'),
(1011, 'V.30.15641.22081311165923', 15641, 30, 2, 'https://storage2.pitjarus.co/galderma/jsons/20220813/V.30.15641.22081311165923_2_1_display1_1.json'),
(1012, 'V.30.15641.22081311165923', 15641, 30, 2, 'https://storage2.pitjarus.co/galderma/jsons/20220813/V.30.15641.22081311165923_2_2_display1_1.json'),
(1013, 'V.82.15922.22081311174074', 15922, 82, 2, 'https://storage2.pitjarus.co/galderma/jsons/20220813/V.82.15922.22081311174074_2_1_display1_1.json'),
(1014, 'V.82.15922.22081311174074', 15922, 82, 2, 'https://storage2.pitjarus.co/galderma/jsons/20220813/V.82.15922.22081311174074_2_2_display1_1.json');
INSERT INTO `report_display` (`id`, `visit_id`, `store_id`, `surveyor_id`, `category_id`, `json_path`) VALUES
(1015, 'V.32.11752.22081311210441', 11752, 32, 2, 'https://storage2.pitjarus.co/galderma/jsons/20220813/V.32.11752.22081311210441_2_1_display1_1.json'),
(1016, 'V.48.14963.22081311231508', 14963, 48, 2, 'https://storage2.pitjarus.co/galderma/jsons/20220813/V.48.14963.22081311231508_2_1_display1_1.json'),
(1017, 'V.10.9795.22081311254281', 9795, 10, 2, 'https://storage2.pitjarus.co/galderma/jsons/20220813/V.10.9795.22081311254281_2_1_display1_1.json'),
(1018, 'V.10.9795.22081311254281', 9795, 10, 2, 'https://storage2.pitjarus.co/galderma/jsons/20220813/V.10.9795.22081311254281_2_1_display2_1.json'),
(1019, 'V.60.3776.22081311255960', 3776, 60, 2, 'https://storage2.pitjarus.co/galderma/jsons/20220813/V.60.3776.22081311255960_2_1_display1_1.json'),
(1020, 'V.60.3776.22081311255960', 3776, 60, 2, 'https://storage2.pitjarus.co/galderma/jsons/20220813/V.60.3776.22081311255960_2_2_display1_1.json'),
(1021, 'V.60.3776.22081311255960', 3776, 60, 3, 'https://storage2.pitjarus.co/galderma/jsons/20220813/V.60.3776.22081311255960_3_1_display1_1.json'),
(1022, 'V.63.15816.22081311293872', 15816, 63, 1, 'https://storage2.pitjarus.co/galderma/jsons/20220813/V.63.15816.22081311293872_1_1_display1_1.json'),
(1023, 'V.63.15816.22081311293872', 15816, 63, 2, 'https://storage2.pitjarus.co/galderma/jsons/20220813/V.63.15816.22081311293872_2_1_display1_1.json'),
(1024, 'V.63.15816.22081311293872', 15816, 63, 2, 'https://storage2.pitjarus.co/galderma/jsons/20220813/V.63.15816.22081311293872_2_1_display2_1.json'),
(1025, 'V.63.15816.22081311293872', 15816, 63, 2, 'https://storage2.pitjarus.co/galderma/jsons/20220813/V.63.15816.22081311293872_2_2_display1_1.json'),
(1026, 'V.63.15816.22081311293872', 15816, 63, 3, 'https://storage2.pitjarus.co/galderma/jsons/20220813/V.63.15816.22081311293872_3_2_display1_1.json'),
(1027, 'V.63.15816.22081311293872', 15816, 63, 4, 'https://storage2.pitjarus.co/galderma/jsons/20220813/V.63.15816.22081311293872_4_1_display1_1.json'),
(1028, 'V.10.9796.22081311310198', 9796, 10, 2, 'https://storage2.pitjarus.co/galderma/jsons/20220813/V.10.9796.22081311310198_2_1_display1_1.json'),
(1029, 'V.10.9796.22081311310198', 9796, 10, 2, 'https://storage2.pitjarus.co/galderma/jsons/20220813/V.10.9796.22081311310198_2_1_display2_1.json'),
(1030, 'V.23.1200.22081311321620', 1200, 23, 2, 'https://storage2.pitjarus.co/galderma/jsons/20220813/V.23.1200.22081311321620_2_1_display1_1.json'),
(1031, 'V.23.1200.22081311321620', 1200, 23, 2, 'https://storage2.pitjarus.co/galderma/jsons/20220813/V.23.1200.22081311321620_2_1_display2_1.json'),
(1032, 'V.23.1200.22081311321620', 1200, 23, 2, 'https://storage2.pitjarus.co/galderma/jsons/20220813/V.23.1200.22081311321620_2_2_display1_1.json'),
(1033, 'V.69.5018.22081311333053', 5018, 69, 1, 'https://storage2.pitjarus.co/galderma/jsons/20220813/V.69.5018.22081311333053_1_1_display1_1.json'),
(1034, 'V.69.5018.22081311333053', 5018, 69, 1, 'https://storage2.pitjarus.co/galderma/jsons/20220813/V.69.5018.22081311333053_1_2_display1_1.json'),
(1035, 'V.69.5018.22081311333053', 5018, 69, 2, 'https://storage2.pitjarus.co/galderma/jsons/20220813/V.69.5018.22081311333053_2_1_display1_1.json'),
(1036, 'V.69.5018.22081311333053', 5018, 69, 2, 'https://storage2.pitjarus.co/galderma/jsons/20220813/V.69.5018.22081311333053_2_2_display1_1.json'),
(1037, 'V.94.17074.22081311334758', 17074, 94, 2, 'https://storage2.pitjarus.co/galderma/jsons/20220813/V.94.17074.22081311334758_2_1_display1_1.json'),
(1038, 'V.94.17074.22081311334758', 17074, 94, 2, 'https://storage2.pitjarus.co/galderma/jsons/20220813/V.94.17074.22081311334758_2_1_display1_2.json'),
(1039, 'V.8.15161.22081311341961', 15161, 8, 2, 'https://storage2.pitjarus.co/galderma/jsons/20220813/V.8.15161.22081311341961_2_1_display1_1.json'),
(1040, 'V.8.15161.22081311341961', 15161, 8, 2, 'https://storage2.pitjarus.co/galderma/jsons/20220813/V.8.15161.22081311341961_2_2_display1_1.json'),
(1041, 'V.41.15295.22081311350378', 15295, 41, 2, 'https://storage2.pitjarus.co/galderma/jsons/20220813/V.41.15295.22081311350378_2_1_display1_1.json'),
(1042, 'V.10.293.22081311370548', 293, 10, 1, 'https://storage2.pitjarus.co/galderma/jsons/20220813/V.10.293.22081311370548_1_1_display1_1.json'),
(1043, 'V.10.293.22081311370548', 293, 10, 1, 'https://storage2.pitjarus.co/galderma/jsons/20220813/V.10.293.22081311370548_1_1_display2_1.json'),
(1044, 'V.10.293.22081311370548', 293, 10, 2, 'https://storage2.pitjarus.co/galderma/jsons/20220813/V.10.293.22081311370548_2_1_display1_1.json'),
(1045, 'V.10.293.22081311370548', 293, 10, 2, 'https://storage2.pitjarus.co/galderma/jsons/20220813/V.10.293.22081311370548_2_1_display2_1.json'),
(1046, 'V.10.293.22081311370548', 293, 10, 2, 'https://storage2.pitjarus.co/galderma/jsons/20220813/V.10.293.22081311370548_2_2_display1_1.json'),
(1047, 'V.10.293.22081311370548', 293, 10, 3, 'https://storage2.pitjarus.co/galderma/jsons/20220813/V.10.293.22081311370548_3_1_display1_1.json'),
(1048, 'V.10.293.22081311370548', 293, 10, 3, 'https://storage2.pitjarus.co/galderma/jsons/20220813/V.10.293.22081311370548_3_1_display2_1.json'),
(1049, 'V.10.293.22081311370548', 293, 10, 4, 'https://storage2.pitjarus.co/galderma/jsons/20220813/V.10.293.22081311370548_4_1_display1_1.json'),
(1050, 'V.10.293.22081311370548', 293, 10, 4, 'https://storage2.pitjarus.co/galderma/jsons/20220813/V.10.293.22081311370548_4_1_display2_1.json'),
(1051, 'V.66.4991.22081311425450', 4991, 66, 1, 'https://storage2.pitjarus.co/galderma/jsons/20220813/V.66.4991.22081311425450_1_2_display1_1.json'),
(1052, 'V.66.4991.22081311425450', 4991, 66, 1, 'https://storage2.pitjarus.co/galderma/jsons/20220813/V.66.4991.22081311425450_1_2_display1_1.json'),
(1053, 'V.66.4991.22081311425450', 4991, 66, 2, 'https://storage2.pitjarus.co/galderma/jsons/20220813/V.66.4991.22081311425450_2_1_display1_1.json'),
(1054, 'V.66.4991.22081311425450', 4991, 66, 2, 'https://storage2.pitjarus.co/galderma/jsons/20220813/V.66.4991.22081311425450_2_1_display1_1.json'),
(1055, 'V.66.4991.22081311425450', 4991, 66, 2, 'https://storage2.pitjarus.co/galderma/jsons/20220813/V.66.4991.22081311425450_2_2_display1_1.json'),
(1056, 'V.66.4991.22081311425450', 4991, 66, 2, 'https://storage2.pitjarus.co/galderma/jsons/20220813/V.66.4991.22081311425450_2_2_display1_1.json'),
(1057, 'V.66.4991.22081311425450', 4991, 66, 4, 'https://storage2.pitjarus.co/galderma/jsons/20220813/V.66.4991.22081311425450_4_1_display1_1.json'),
(1058, 'V.66.4991.22081311425450', 4991, 66, 4, 'https://storage2.pitjarus.co/galderma/jsons/20220813/V.66.4991.22081311425450_4_1_display1_1.json'),
(1059, 'V.8.16195.22081311430880', 16195, 8, 2, 'https://storage2.pitjarus.co/galderma/jsons/20220813/V.8.16195.22081311430880_2_1_display1_1.json'),
(1060, 'V.8.16195.22081311430880', 16195, 8, 2, 'https://storage2.pitjarus.co/galderma/jsons/20220813/V.8.16195.22081311430880_2_2_display1_1.json'),
(1061, 'V.32.11750.22081311452610', 11750, 32, 2, 'https://storage2.pitjarus.co/galderma/jsons/20220813/V.32.11750.22081311452610_2_1_display1_1.json'),
(1062, 'V.10.291.22081311495788', 291, 10, 1, 'https://storage2.pitjarus.co/galderma/jsons/20220813/V.10.291.22081311495788_1_1_display1_1.json'),
(1063, 'V.10.291.22081311495788', 291, 10, 1, 'https://storage2.pitjarus.co/galderma/jsons/20220813/V.10.291.22081311495788_1_1_display2_1.json'),
(1064, 'V.10.291.22081311495788', 291, 10, 2, 'https://storage2.pitjarus.co/galderma/jsons/20220813/V.10.291.22081311495788_2_1_display1_1.json'),
(1065, 'V.10.291.22081311495788', 291, 10, 2, 'https://storage2.pitjarus.co/galderma/jsons/20220813/V.10.291.22081311495788_2_1_display2_1.json'),
(1066, 'V.10.291.22081311495788', 291, 10, 2, 'https://storage2.pitjarus.co/galderma/jsons/20220813/V.10.291.22081311495788_2_2_display1_1.json'),
(1067, 'V.10.291.22081311495788', 291, 10, 2, 'https://storage2.pitjarus.co/galderma/jsons/20220813/V.10.291.22081311495788_2_2_display2_1.json'),
(1068, 'V.10.291.22081311495788', 291, 10, 2, 'https://storage2.pitjarus.co/galderma/jsons/20220813/V.10.291.22081311495788_2_2_display2_1.json'),
(1069, 'V.10.291.22081311495788', 291, 10, 3, 'https://storage2.pitjarus.co/galderma/jsons/20220813/V.10.291.22081311495788_3_1_display1_1.json'),
(1070, 'V.10.291.22081311495788', 291, 10, 3, 'https://storage2.pitjarus.co/galderma/jsons/20220813/V.10.291.22081311495788_3_1_display2_1.json'),
(1071, 'V.10.291.22081311495788', 291, 10, 4, 'https://storage2.pitjarus.co/galderma/jsons/20220813/V.10.291.22081311495788_4_1_display1_1.json'),
(1072, 'V.10.291.22081311495788', 291, 10, 4, 'https://storage2.pitjarus.co/galderma/jsons/20220813/V.10.291.22081311495788_4_1_display2_1.json'),
(1073, 'V.30.1174.22081311572608', 1174, 30, 1, 'https://storage2.pitjarus.co/galderma/jsons/20220813/V.30.1174.22081311572608_1_2_display1_1.json'),
(1074, 'V.30.1174.22081311572608', 1174, 30, 2, 'https://storage2.pitjarus.co/galderma/jsons/20220813/V.30.1174.22081311572608_2_1_display1_1.json'),
(1075, 'V.30.1174.22081311572608', 1174, 30, 2, 'https://storage2.pitjarus.co/galderma/jsons/20220813/V.30.1174.22081311572608_2_2_display1_1.json'),
(1076, 'V.41.13702.22081311591113', 13702, 41, 2, 'https://storage2.pitjarus.co/galderma/jsons/20220813/V.41.13702.22081311591113_2_1_display1_1.json'),
(1077, 'V.48.14964.22081312061411', 14964, 48, 2, 'https://storage2.pitjarus.co/galderma/jsons/20220813/V.48.14964.22081312061411_2_1_display1_1.json'),
(1078, 'V.69.4567.22081312094845', 4567, 69, 1, 'https://storage2.pitjarus.co/galderma/jsons/20220813/V.69.4567.22081312094845_1_1_display1_1.json'),
(1079, 'V.69.4567.22081312094845', 4567, 69, 1, 'https://storage2.pitjarus.co/galderma/jsons/20220813/V.69.4567.22081312094845_1_1_display2_1.json'),
(1080, 'V.69.4567.22081312094845', 4567, 69, 1, 'https://storage2.pitjarus.co/galderma/jsons/20220813/V.69.4567.22081312094845_1_2_display1_1.json'),
(1081, 'V.69.4567.22081312094845', 4567, 69, 2, 'https://storage2.pitjarus.co/galderma/jsons/20220813/V.69.4567.22081312094845_2_1_display1_1.json'),
(1082, 'V.69.4567.22081312094845', 4567, 69, 2, 'https://storage2.pitjarus.co/galderma/jsons/20220813/V.69.4567.22081312094845_2_1_display2_1.json'),
(1083, 'V.69.4567.22081312094845', 4567, 69, 2, 'https://storage2.pitjarus.co/galderma/jsons/20220813/V.69.4567.22081312094845_2_2_display1_1.json'),
(1084, 'V.43.14599.22081312112486', 14599, 43, 2, 'https://storage2.pitjarus.co/galderma/jsons/20220813/V.43.14599.22081312112486_2_1_display1_1.json'),
(1085, 'V.43.14599.22081312112486', 14599, 43, 2, 'https://storage2.pitjarus.co/galderma/jsons/20220813/V.43.14599.22081312112486_2_2_display1_1.json'),
(1086, 'V.32.11751.22081312122577', 11751, 32, 2, 'https://storage2.pitjarus.co/galderma/jsons/20220813/V.32.11751.22081312122577_2_1_display1_1.json'),
(1087, 'V.56.1530.22081312135167', 1530, 56, 1, 'https://storage2.pitjarus.co/galderma/jsons/20220813/V.56.1530.22081312135167_1_1_display1_1.json'),
(1088, 'V.56.1530.22081312135167', 1530, 56, 1, 'https://storage2.pitjarus.co/galderma/jsons/20220813/V.56.1530.22081312135167_1_2_display1_1.json'),
(1089, 'V.56.1530.22081312135167', 1530, 56, 1, 'https://storage2.pitjarus.co/galderma/jsons/20220813/V.56.1530.22081312135167_1_2_display1_2.json'),
(1090, 'V.56.1530.22081312135167', 1530, 56, 2, 'https://storage2.pitjarus.co/galderma/jsons/20220813/V.56.1530.22081312135167_2_1_display1_2.json'),
(1091, 'V.56.1530.22081312135167', 1530, 56, 2, 'https://storage2.pitjarus.co/galderma/jsons/20220813/V.56.1530.22081312135167_2_2_display1_1.json'),
(1092, 'V.56.1530.22081312135167', 1530, 56, 2, 'https://storage2.pitjarus.co/galderma/jsons/20220813/V.56.1530.22081312135167_2_2_display2_1.json'),
(1093, 'V.56.1530.22081312135167', 1530, 56, 2, 'https://storage2.pitjarus.co/galderma/jsons/20220813/V.56.1530.22081312135167_2_2_display1_2.json'),
(1094, 'V.56.1530.22081312135167', 1530, 56, 2, 'https://storage2.pitjarus.co/galderma/jsons/20220813/V.56.1530.22081312135167_2_2_display2_2.json'),
(1095, 'V.56.1530.22081312135167', 1530, 56, 4, 'https://storage2.pitjarus.co/galderma/jsons/20220813/V.56.1530.22081312135167_4_1_display1_1.json'),
(1096, 'V.62.11359.22081312154119', 11359, 62, 2, 'https://storage2.pitjarus.co/galderma/jsons/20220813/V.62.11359.22081312154119_2_1_display1_1.json'),
(1097, 'V.60.4648.22081312193761', 4648, 60, 1, 'https://storage2.pitjarus.co/galderma/jsons/20220813/V.60.4648.22081312193761_1_1_display1_1.json'),
(1098, 'V.60.4648.22081312193761', 4648, 60, 1, 'https://storage2.pitjarus.co/galderma/jsons/20220813/V.60.4648.22081312193761_1_2_display1_1.json'),
(1099, 'V.60.4648.22081312193761', 4648, 60, 2, 'https://storage2.pitjarus.co/galderma/jsons/20220813/V.60.4648.22081312193761_2_1_display1_1.json'),
(1100, 'V.30.15374.22081312201256', 15374, 30, 2, 'https://storage2.pitjarus.co/galderma/jsons/20220813/V.30.15374.22081312201256_2_1_display1_1.json'),
(1101, 'V.30.15374.22081312201256', 15374, 30, 2, 'https://storage2.pitjarus.co/galderma/jsons/20220813/V.30.15374.22081312201256_2_2_display1_1.json'),
(1102, 'V.63.2668.22081312240905', 2668, 63, 1, 'https://storage2.pitjarus.co/galderma/jsons/20220813/V.63.2668.22081312240905_1_2_display1_1.json'),
(1103, 'V.63.2668.22081312240905', 2668, 63, 2, 'https://storage2.pitjarus.co/galderma/jsons/20220813/V.63.2668.22081312240905_2_1_display1_1.json'),
(1104, 'V.63.2668.22081312240905', 2668, 63, 2, 'https://storage2.pitjarus.co/galderma/jsons/20220813/V.63.2668.22081312240905_2_1_display2_1.json'),
(1105, 'V.63.2668.22081312240905', 2668, 63, 4, 'https://storage2.pitjarus.co/galderma/jsons/20220813/V.63.2668.22081312240905_4_1_display1_1.json'),
(1106, 'V.43.10823.22081312250278', 10823, 43, 2, 'https://storage2.pitjarus.co/galderma/jsons/20220813/V.43.10823.22081312250278_2_1_display1_1.json'),
(1107, 'V.43.10823.22081312250278', 10823, 43, 2, 'https://storage2.pitjarus.co/galderma/jsons/20220813/V.43.10823.22081312250278_2_2_display1_1.json'),
(1108, 'V.41.1554.22081312275425', 1554, 41, 1, 'https://storage2.pitjarus.co/galderma/jsons/20220813/V.41.1554.22081312275425_1_1_display1_1.json'),
(1109, 'V.41.1554.22081312275425', 1554, 41, 1, 'https://storage2.pitjarus.co/galderma/jsons/20220813/V.41.1554.22081312275425_1_1_display2_1.json'),
(1110, 'V.41.1554.22081312275425', 1554, 41, 1, 'https://storage2.pitjarus.co/galderma/jsons/20220813/V.41.1554.22081312275425_1_2_display1_1.json'),
(1111, 'V.41.1554.22081312275425', 1554, 41, 2, 'https://storage2.pitjarus.co/galderma/jsons/20220813/V.41.1554.22081312275425_2_1_display1_1.json'),
(1112, 'V.41.1554.22081312275425', 1554, 41, 2, 'https://storage2.pitjarus.co/galderma/jsons/20220813/V.41.1554.22081312275425_2_2_display1_1.json'),
(1113, 'V.28.16760.22081312283137', 16760, 28, 2, 'https://storage2.pitjarus.co/galderma/jsons/20220813/V.28.16760.22081312283137_2_1_display1_1.json'),
(1114, 'V.28.16760.22081312283137', 16760, 28, 2, 'https://storage2.pitjarus.co/galderma/jsons/20220813/V.28.16760.22081312283137_2_2_display1_1.json'),
(1115, 'V.28.16760.22081312283137', 16760, 28, 4, 'https://storage2.pitjarus.co/galderma/jsons/20220813/V.28.16760.22081312283137_4_1_display1_1.json'),
(1116, 'V.28.16760.22081312283137', 16760, 28, 4, 'https://storage2.pitjarus.co/galderma/jsons/20220813/V.28.16760.22081312283137_4_2_display1_1.json'),
(1117, 'V.62.11366.22081312301994', 11366, 62, 2, 'https://storage2.pitjarus.co/galderma/jsons/20220813/V.62.11366.22081312301994_2_1_display1_1.json'),
(1118, 'V.23.1201.22081312351937', 1201, 23, 1, 'https://storage2.pitjarus.co/galderma/jsons/20220813/V.23.1201.22081312351937_1_1_display1_1.json'),
(1119, 'V.23.1201.22081312351937', 1201, 23, 1, 'https://storage2.pitjarus.co/galderma/jsons/20220813/V.23.1201.22081312351937_1_1_display2_1.json'),
(1120, 'V.23.1201.22081312351937', 1201, 23, 2, 'https://storage2.pitjarus.co/galderma/jsons/20220813/V.23.1201.22081312351937_2_1_display1_1.json'),
(1121, 'V.23.1201.22081312351937', 1201, 23, 2, 'https://storage2.pitjarus.co/galderma/jsons/20220813/V.23.1201.22081312351937_2_1_display2_1.json'),
(1122, 'V.23.1201.22081312351937', 1201, 23, 2, 'https://storage2.pitjarus.co/galderma/jsons/20220813/V.23.1201.22081312351937_2_2_display1_1.json'),
(1123, 'V.49.4858.22081312363850', 4858, 49, 1, 'https://storage2.pitjarus.co/galderma/jsons/20220813/V.49.4858.22081312363850_1_1_display1_1.json'),
(1124, 'V.49.4858.22081312363850', 4858, 49, 2, 'https://storage2.pitjarus.co/galderma/jsons/20220813/V.49.4858.22081312363850_2_1_display1_1.json'),
(1125, 'V.49.4858.22081312363850', 4858, 49, 2, 'https://storage2.pitjarus.co/galderma/jsons/20220813/V.49.4858.22081312363850_2_2_display1_1.json'),
(1126, 'V.30.1121.22081312365193', 1121, 30, 1, 'https://storage2.pitjarus.co/galderma/jsons/20220813/V.30.1121.22081312365193_1_1_display1_1.json'),
(1127, 'V.30.1121.22081312365193', 1121, 30, 1, 'https://storage2.pitjarus.co/galderma/jsons/20220813/V.30.1121.22081312365193_1_1_display2_1.json'),
(1128, 'V.30.1121.22081312365193', 1121, 30, 1, 'https://storage2.pitjarus.co/galderma/jsons/20220813/V.30.1121.22081312365193_1_2_display1_1.json'),
(1129, 'V.30.1121.22081312365193', 1121, 30, 2, 'https://storage2.pitjarus.co/galderma/jsons/20220813/V.30.1121.22081312365193_2_1_display1_1.json'),
(1130, 'V.30.1121.22081312365193', 1121, 30, 2, 'https://storage2.pitjarus.co/galderma/jsons/20220813/V.30.1121.22081312365193_2_2_display1_1.json'),
(1131, 'V.30.1121.22081312365193', 1121, 30, 4, 'https://storage2.pitjarus.co/galderma/jsons/20220813/V.30.1121.22081312365193_4_1_display1_1.json'),
(1132, 'V.30.1121.22081312365193', 1121, 30, 4, 'https://storage2.pitjarus.co/galderma/jsons/20220813/V.30.1121.22081312365193_4_2_display1_1.json'),
(1133, 'V.88.134.22081312365871', 134, 88, 1, 'https://storage2.pitjarus.co/galderma/jsons/20220813/V.88.134.22081312365871_1_1_display1_1.json'),
(1134, 'V.88.134.22081312365871', 134, 88, 2, 'https://storage2.pitjarus.co/galderma/jsons/20220813/V.88.134.22081312365871_2_1_display1_1.json'),
(1135, 'V.88.134.22081312365871', 134, 88, 2, 'https://storage2.pitjarus.co/galderma/jsons/20220813/V.88.134.22081312365871_2_1_display2_1.json'),
(1136, 'V.88.134.22081312365871', 134, 88, 2, 'https://storage2.pitjarus.co/galderma/jsons/20220813/V.88.134.22081312365871_2_1_display2_2.json'),
(1137, 'V.88.134.22081312365871', 134, 88, 2, 'https://storage2.pitjarus.co/galderma/jsons/20220813/V.88.134.22081312365871_2_1_display1_2.json'),
(1138, 'V.88.134.22081312365871', 134, 88, 2, 'https://storage2.pitjarus.co/galderma/jsons/20220813/V.88.134.22081312365871_2_2_display1_1.json'),
(1139, 'V.88.134.22081312365871', 134, 88, 4, 'https://storage2.pitjarus.co/galderma/jsons/20220813/V.88.134.22081312365871_4_1_display1_1.json'),
(1140, 'V.42.9961.22081312443003', 9961, 42, 2, 'https://storage2.pitjarus.co/galderma/jsons/20220813/V.42.9961.22081312443003_2_1_display1_1.json'),
(1141, 'V.42.9961.22081312443003', 9961, 42, 2, 'https://storage2.pitjarus.co/galderma/jsons/20220813/V.42.9961.22081312443003_2_2_display1_1.json'),
(1142, 'V.66.16786.22081312443845', 16786, 66, 2, 'https://storage2.pitjarus.co/galderma/jsons/20220813/V.66.16786.22081312443845_2_1_display1_1.json'),
(1143, 'V.66.16786.22081312443845', 16786, 66, 2, 'https://storage2.pitjarus.co/galderma/jsons/20220813/V.66.16786.22081312443845_2_1_display1_1.json'),
(1144, 'V.66.16786.22081312443845', 16786, 66, 2, 'https://storage2.pitjarus.co/galderma/jsons/20220813/V.66.16786.22081312443845_2_1_display1_1.json'),
(1145, 'V.66.16786.22081312443845', 16786, 66, 2, 'https://storage2.pitjarus.co/galderma/jsons/20220813/V.66.16786.22081312443845_2_2_display1_1.json'),
(1146, 'V.66.16786.22081312443845', 16786, 66, 2, 'https://storage2.pitjarus.co/galderma/jsons/20220813/V.66.16786.22081312443845_2_2_display1_1.json'),
(1147, 'V.43.2067.22081312492110', 2067, 43, 1, 'https://storage2.pitjarus.co/galderma/jsons/20220813/V.43.2067.22081312492110_1_1_display1_1.json'),
(1148, 'V.43.2067.22081312492110', 2067, 43, 1, 'https://storage2.pitjarus.co/galderma/jsons/20220813/V.43.2067.22081312492110_1_2_display1_1.json'),
(1149, 'V.43.2067.22081312492110', 2067, 43, 2, 'https://storage2.pitjarus.co/galderma/jsons/20220813/V.43.2067.22081312492110_2_1_display1_1.json'),
(1150, 'V.43.2067.22081312492110', 2067, 43, 2, 'https://storage2.pitjarus.co/galderma/jsons/20220813/V.43.2067.22081312492110_2_2_display1_1.json'),
(1151, 'V.43.2067.22081312492110', 2067, 43, 3, 'https://storage2.pitjarus.co/galderma/jsons/20220813/V.43.2067.22081312492110_3_1_display1_1.json'),
(1152, 'V.43.2067.22081312492110', 2067, 43, 3, 'https://storage2.pitjarus.co/galderma/jsons/20220813/V.43.2067.22081312492110_3_2_display1_1.json'),
(1153, 'V.88.17095.22081312521457', 17095, 88, 2, 'https://storage2.pitjarus.co/galderma/jsons/20220813/V.88.17095.22081312521457_2_1_display1_1.json'),
(1154, 'V.88.17095.22081312521457', 17095, 88, 2, 'https://storage2.pitjarus.co/galderma/jsons/20220813/V.88.17095.22081312521457_2_1_display2_1.json'),
(1155, 'V.88.17095.22081312521457', 17095, 88, 2, 'https://storage2.pitjarus.co/galderma/jsons/20220813/V.88.17095.22081312521457_2_1_display1_2.json'),
(1156, 'V.88.17095.22081312521457', 17095, 88, 2, 'https://storage2.pitjarus.co/galderma/jsons/20220813/V.88.17095.22081312521457_2_2_display1_1.json'),
(1157, 'V.88.17095.22081312521457', 17095, 88, 2, 'https://storage2.pitjarus.co/galderma/jsons/20220813/V.88.17095.22081312521457_2_2_display2_1.json'),
(1158, 'V.88.17095.22081312521457', 17095, 88, 4, 'https://storage2.pitjarus.co/galderma/jsons/20220813/V.88.17095.22081312521457_4_1_display1_1.json'),
(1159, 'V.88.17095.22081312521457', 17095, 88, 4, 'https://storage2.pitjarus.co/galderma/jsons/20220813/V.88.17095.22081312521457_4_2_display1_1.json'),
(1160, 'V.46.2403.22081312522651', 2403, 46, 1, 'https://storage2.pitjarus.co/galderma/jsons/20220813/V.46.2403.22081312522651_1_1_display1_1.json'),
(1161, 'V.46.2403.22081312522651', 2403, 46, 1, 'https://storage2.pitjarus.co/galderma/jsons/20220813/V.46.2403.22081312522651_1_2_display1_1.json'),
(1162, 'V.46.2403.22081312522651', 2403, 46, 2, 'https://storage2.pitjarus.co/galderma/jsons/20220813/V.46.2403.22081312522651_2_1_display1_1.json'),
(1163, 'V.46.2403.22081312522651', 2403, 46, 2, 'https://storage2.pitjarus.co/galderma/jsons/20220813/V.46.2403.22081312522651_2_1_display2_1.json'),
(1164, 'V.46.2403.22081312522651', 2403, 46, 2, 'https://storage2.pitjarus.co/galderma/jsons/20220813/V.46.2403.22081312522651_2_1_display1_2.json'),
(1165, 'V.46.2403.22081312522651', 2403, 46, 2, 'https://storage2.pitjarus.co/galderma/jsons/20220813/V.46.2403.22081312522651_2_2_display1_1.json'),
(1166, 'V.28.16761.22081312524337', 16761, 28, 2, 'https://storage2.pitjarus.co/galderma/jsons/20220813/V.28.16761.22081312524337_2_1_display1_1.json'),
(1167, 'V.28.16761.22081312524337', 16761, 28, 2, 'https://storage2.pitjarus.co/galderma/jsons/20220813/V.28.16761.22081312524337_2_2_display1_1.json'),
(1168, 'V.42.13552.22081312550186', 13552, 42, 2, 'https://storage2.pitjarus.co/galderma/jsons/20220813/V.42.13552.22081312550186_2_1_display1_1.json'),
(1169, 'V.42.13552.22081312550186', 13552, 42, 2, 'https://storage2.pitjarus.co/galderma/jsons/20220813/V.42.13552.22081312550186_2_2_display1_1.json'),
(1170, 'V.42.13183.22081313022389', 13183, 42, 2, 'https://storage2.pitjarus.co/galderma/jsons/20220813/V.42.13183.22081313022389_2_1_display1_1.json'),
(1171, 'V.42.13183.22081313022389', 13183, 42, 2, 'https://storage2.pitjarus.co/galderma/jsons/20220813/V.42.13183.22081313022389_2_2_display1_1.json'),
(1172, 'V.23.5603.22081313032739', 5603, 23, 1, 'https://storage2.pitjarus.co/galderma/jsons/20220813/V.23.5603.22081313032739_1_1_display1_1.json'),
(1173, 'V.23.5603.22081313032739', 5603, 23, 2, 'https://storage2.pitjarus.co/galderma/jsons/20220813/V.23.5603.22081313032739_2_1_display1_1.json'),
(1174, 'V.23.5603.22081313032739', 5603, 23, 2, 'https://storage2.pitjarus.co/galderma/jsons/20220813/V.23.5603.22081313032739_2_1_display2_1.json'),
(1175, 'V.23.5603.22081313032739', 5603, 23, 2, 'https://storage2.pitjarus.co/galderma/jsons/20220813/V.23.5603.22081313032739_2_2_display1_1.json'),
(1176, 'V.46.2404.22081313060683', 2404, 46, 1, 'https://storage2.pitjarus.co/galderma/jsons/20220813/V.46.2404.22081313060683_1_1_display1_1.json'),
(1177, 'V.46.2404.22081313060683', 2404, 46, 1, 'https://storage2.pitjarus.co/galderma/jsons/20220813/V.46.2404.22081313060683_1_1_display2_1.json'),
(1178, 'V.46.2404.22081313060683', 2404, 46, 1, 'https://storage2.pitjarus.co/galderma/jsons/20220813/V.46.2404.22081313060683_1_2_display1_1.json'),
(1179, 'V.46.2404.22081313060683', 2404, 46, 2, 'https://storage2.pitjarus.co/galderma/jsons/20220813/V.46.2404.22081313060683_2_1_display1_1.json'),
(1180, 'V.46.2404.22081313060683', 2404, 46, 2, 'https://storage2.pitjarus.co/galderma/jsons/20220813/V.46.2404.22081313060683_2_1_display2_1.json'),
(1181, 'V.46.2404.22081313060683', 2404, 46, 2, 'https://storage2.pitjarus.co/galderma/jsons/20220813/V.46.2404.22081313060683_2_1_display1_2.json'),
(1182, 'V.46.2404.22081313060683', 2404, 46, 2, 'https://storage2.pitjarus.co/galderma/jsons/20220813/V.46.2404.22081313060683_2_2_display1_1.json'),
(1183, 'V.46.2404.22081313060683', 2404, 46, 4, 'https://storage2.pitjarus.co/galderma/jsons/20220813/V.46.2404.22081313060683_4_1_display1_1.json'),
(1184, 'V.30.16254.22081313084501', 16254, 30, 1, 'https://storage2.pitjarus.co/galderma/jsons/20220813/V.30.16254.22081313084501_1_1_display1_1.json'),
(1185, 'V.30.16254.22081313084501', 16254, 30, 1, 'https://storage2.pitjarus.co/galderma/jsons/20220813/V.30.16254.22081313084501_1_2_display1_1.json'),
(1186, 'V.30.16254.22081313084501', 16254, 30, 2, 'https://storage2.pitjarus.co/galderma/jsons/20220813/V.30.16254.22081313084501_2_1_display1_1.json'),
(1187, 'V.30.16254.22081313084501', 16254, 30, 2, 'https://storage2.pitjarus.co/galderma/jsons/20220813/V.30.16254.22081313084501_2_1_display2_1.json'),
(1188, 'V.30.16254.22081313084501', 16254, 30, 2, 'https://storage2.pitjarus.co/galderma/jsons/20220813/V.30.16254.22081313084501_2_2_display1_1.json'),
(1189, 'V.30.16254.22081313084501', 16254, 30, 4, 'https://storage2.pitjarus.co/galderma/jsons/20220813/V.30.16254.22081313084501_4_1_display1_1.json'),
(1190, 'V.30.16254.22081313084501', 16254, 30, 4, 'https://storage2.pitjarus.co/galderma/jsons/20220813/V.30.16254.22081313084501_4_2_display1_1.json'),
(1191, 'V.88.7570.22081313114955', 7570, 88, 1, 'https://storage2.pitjarus.co/galderma/jsons/20220813/V.88.7570.22081313114955_1_1_display1_2.json'),
(1192, 'V.88.7570.22081313114955', 7570, 88, 1, 'https://storage2.pitjarus.co/galderma/jsons/20220813/V.88.7570.22081313114955_1_2_display1_1.json'),
(1193, 'V.88.7570.22081313114955', 7570, 88, 2, 'https://storage2.pitjarus.co/galderma/jsons/20220813/V.88.7570.22081313114955_2_1_display1_1.json'),
(1194, 'V.88.7570.22081313114955', 7570, 88, 2, 'https://storage2.pitjarus.co/galderma/jsons/20220813/V.88.7570.22081313114955_2_1_display2_1.json'),
(1195, 'V.88.7570.22081313114955', 7570, 88, 2, 'https://storage2.pitjarus.co/galderma/jsons/20220813/V.88.7570.22081313114955_2_1_display1_2.json'),
(1196, 'V.88.7570.22081313114955', 7570, 88, 2, 'https://storage2.pitjarus.co/galderma/jsons/20220813/V.88.7570.22081313114955_2_1_display2_2.json'),
(1197, 'V.88.7570.22081313114955', 7570, 88, 2, 'https://storage2.pitjarus.co/galderma/jsons/20220813/V.88.7570.22081313114955_2_2_display1_1.json'),
(1198, 'V.88.7570.22081313114955', 7570, 88, 2, 'https://storage2.pitjarus.co/galderma/jsons/20220813/V.88.7570.22081313114955_2_2_display1_2.json'),
(1199, 'V.88.7570.22081313114955', 7570, 88, 2, 'https://storage2.pitjarus.co/galderma/jsons/20220813/V.88.7570.22081313114955_2_2_display2_2.json'),
(1200, 'V.60.10813.22081313142821', 10813, 60, 2, 'https://storage2.pitjarus.co/galderma/jsons/20220813/V.60.10813.22081313142821_2_1_display1_1.json'),
(1201, 'V.66.15326.22081313151135', 15326, 66, 2, 'https://storage2.pitjarus.co/galderma/jsons/20220813/V.66.15326.22081313151135_2_1_display1_1.json'),
(1202, 'V.66.15326.22081313151135', 15326, 66, 2, 'https://storage2.pitjarus.co/galderma/jsons/20220813/V.66.15326.22081313151135_2_1_display1_1.json'),
(1203, 'V.32.15886.22081313185886', 15886, 32, 2, 'https://storage2.pitjarus.co/galderma/jsons/20220813/V.32.15886.22081313185886_2_1_display1_1.json'),
(1204, 'V.43.3967.22081313202148', 3967, 43, 1, 'https://storage2.pitjarus.co/galderma/jsons/20220813/V.43.3967.22081313202148_1_1_display1_1.json'),
(1205, 'V.43.3967.22081313202148', 3967, 43, 1, 'https://storage2.pitjarus.co/galderma/jsons/20220813/V.43.3967.22081313202148_1_2_display1_1.json'),
(1206, 'V.43.3967.22081313202148', 3967, 43, 2, 'https://storage2.pitjarus.co/galderma/jsons/20220813/V.43.3967.22081313202148_2_1_display1_1.json'),
(1207, 'V.43.3967.22081313202148', 3967, 43, 2, 'https://storage2.pitjarus.co/galderma/jsons/20220813/V.43.3967.22081313202148_2_2_display1_1.json'),
(1208, 'V.41.1696.22081313221381', 1696, 41, 1, 'https://storage2.pitjarus.co/galderma/jsons/20220813/V.41.1696.22081313221381_1_1_display1_1.json'),
(1209, 'V.41.1696.22081313221381', 1696, 41, 2, 'https://storage2.pitjarus.co/galderma/jsons/20220813/V.41.1696.22081313221381_2_1_display1_1.json'),
(1210, 'V.41.1696.22081313221381', 1696, 41, 2, 'https://storage2.pitjarus.co/galderma/jsons/20220813/V.41.1696.22081313221381_2_1_display2_1.json'),
(1211, 'V.41.1696.22081313221381', 1696, 41, 2, 'https://storage2.pitjarus.co/galderma/jsons/20220813/V.41.1696.22081313221381_2_2_display1_1.json'),
(1212, 'V.56.7920.22081313224368', 7920, 56, 1, 'https://storage2.pitjarus.co/galderma/jsons/20220813/V.56.7920.22081313224368_1_1_display1_2.json'),
(1213, 'V.56.7920.22081313224368', 7920, 56, 1, 'https://storage2.pitjarus.co/galderma/jsons/20220813/V.56.7920.22081313224368_1_2_display1_1.json'),
(1214, 'V.56.7920.22081313224368', 7920, 56, 2, 'https://storage2.pitjarus.co/galderma/jsons/20220813/V.56.7920.22081313224368_2_1_display1_1.json'),
(1215, 'V.66.15919.22081313281904', 15919, 66, 2, 'https://storage2.pitjarus.co/galderma/jsons/20220813/V.66.15919.22081313281904_2_1_display1_1.json'),
(1216, 'V.66.15919.22081313281904', 15919, 66, 2, 'https://storage2.pitjarus.co/galderma/jsons/20220813/V.66.15919.22081313281904_2_1_display1_1.json'),
(1217, 'V.60.4649.22081313290832', 4649, 60, 2, 'https://storage2.pitjarus.co/galderma/jsons/20220813/V.60.4649.22081313290832_2_1_display1_1.json'),
(1218, 'V.60.4649.22081313290832', 4649, 60, 2, 'https://storage2.pitjarus.co/galderma/jsons/20220813/V.60.4649.22081313290832_2_2_display1_1.json'),
(1219, 'V.60.4649.22081313290832', 4649, 60, 4, 'https://storage2.pitjarus.co/galderma/jsons/20220813/V.60.4649.22081313290832_4_1_display1_1.json'),
(1220, 'V.24.618.22081313293205', 618, 24, 1, 'https://storage2.pitjarus.co/galderma/jsons/20220813/V.24.618.22081313293205_1_1_display1_1.json'),
(1221, 'V.24.618.22081313293205', 618, 24, 1, 'https://storage2.pitjarus.co/galderma/jsons/20220813/V.24.618.22081313293205_1_2_display1_1.json'),
(1222, 'V.24.618.22081313293205', 618, 24, 2, 'https://storage2.pitjarus.co/galderma/jsons/20220813/V.24.618.22081313293205_2_1_display1_1.json'),
(1223, 'V.24.618.22081313293205', 618, 24, 2, 'https://storage2.pitjarus.co/galderma/jsons/20220813/V.24.618.22081313293205_2_2_display1_1.json'),
(1224, 'V.30.2105.22081313304270', 2105, 30, 1, 'https://storage2.pitjarus.co/galderma/jsons/20220813/V.30.2105.22081313304270_1_1_display1_1.json'),
(1225, 'V.30.2105.22081313304270', 2105, 30, 1, 'https://storage2.pitjarus.co/galderma/jsons/20220813/V.30.2105.22081313304270_1_2_display1_1.json'),
(1226, 'V.30.2105.22081313304270', 2105, 30, 2, 'https://storage2.pitjarus.co/galderma/jsons/20220813/V.30.2105.22081313304270_2_1_display1_1.json'),
(1227, 'V.30.2105.22081313304270', 2105, 30, 2, 'https://storage2.pitjarus.co/galderma/jsons/20220813/V.30.2105.22081313304270_2_2_display1_1.json'),
(1228, 'V.30.2105.22081313304270', 2105, 30, 4, 'https://storage2.pitjarus.co/galderma/jsons/20220813/V.30.2105.22081313304270_4_1_display1_1.json'),
(1229, 'V.30.2105.22081313304270', 2105, 30, 4, 'https://storage2.pitjarus.co/galderma/jsons/20220813/V.30.2105.22081313304270_4_2_display1_1.json'),
(1230, 'V.28.1067.22081313350189', 1067, 28, 1, 'https://storage2.pitjarus.co/galderma/jsons/20220813/V.28.1067.22081313350189_1_2_display1_1.json'),
(1231, 'V.28.1067.22081313350189', 1067, 28, 2, 'https://storage2.pitjarus.co/galderma/jsons/20220813/V.28.1067.22081313350189_2_1_display1_1.json'),
(1232, 'V.28.1067.22081313350189', 1067, 28, 2, 'https://storage2.pitjarus.co/galderma/jsons/20220813/V.28.1067.22081313350189_2_2_display1_1.json'),
(1233, 'V.28.1067.22081313350189', 1067, 28, 2, 'https://storage2.pitjarus.co/galderma/jsons/20220813/V.28.1067.22081313350189_2_2_display1_1.json'),
(1234, 'V.28.1067.22081313350189', 1067, 28, 3, 'https://storage2.pitjarus.co/galderma/jsons/20220813/V.28.1067.22081313350189_3_1_display1_1.json'),
(1235, 'V.28.1067.22081313350189', 1067, 28, 3, 'https://storage2.pitjarus.co/galderma/jsons/20220813/V.28.1067.22081313350189_3_2_display1_1.json'),
(1236, 'V.47.13679.22081313382522', 13679, 47, 2, 'https://storage2.pitjarus.co/galderma/jsons/20220813/V.47.13679.22081313382522_2_1_display1_1.json'),
(1237, 'V.46.8499.22081313403032', 8499, 46, 2, 'https://storage2.pitjarus.co/galderma/jsons/20220813/V.46.8499.22081313403032_2_1_display1_1.json'),
(1238, 'V.66.14664.22081313414319', 14664, 66, 2, 'https://storage2.pitjarus.co/galderma/jsons/20220813/V.66.14664.22081313414319_2_1_display1_1.json'),
(1239, 'V.66.14664.22081313414319', 14664, 66, 2, 'https://storage2.pitjarus.co/galderma/jsons/20220813/V.66.14664.22081313414319_2_1_display1_1.json'),
(1240, 'V.28.10772.22081313453549', 10772, 28, 2, 'https://storage2.pitjarus.co/galderma/jsons/20220813/V.28.10772.22081313453549_2_1_display1_1.json'),
(1241, 'V.28.10772.22081313453549', 10772, 28, 2, 'https://storage2.pitjarus.co/galderma/jsons/20220813/V.28.10772.22081313453549_2_2_display1_1.json'),
(1242, 'V.56.7921.22081313455221', 7921, 56, 1, 'https://storage2.pitjarus.co/galderma/jsons/20220813/V.56.7921.22081313455221_1_1_display1_1.json'),
(1243, 'V.56.7921.22081313455221', 7921, 56, 2, 'https://storage2.pitjarus.co/galderma/jsons/20220813/V.56.7921.22081313455221_2_2_display1_1.json'),
(1244, 'V.56.7921.22081313455221', 7921, 56, 2, 'https://storage2.pitjarus.co/galderma/jsons/20220813/V.56.7921.22081313455221_2_2_display1_2.json'),
(1245, 'V.56.7921.22081313455221', 7921, 56, 4, 'https://storage2.pitjarus.co/galderma/jsons/20220813/V.56.7921.22081313455221_4_1_display1_1.json'),
(1246, 'V.56.7921.22081313455221', 7921, 56, 4, 'https://storage2.pitjarus.co/galderma/jsons/20220813/V.56.7921.22081313455221_4_2_display1_1.json'),
(1247, 'V.32.15475.22081313490717', 15475, 32, 1, 'https://storage2.pitjarus.co/galderma/jsons/20220813/V.32.15475.22081313490717_1_1_display1_1.json'),
(1248, 'V.32.15475.22081313490717', 15475, 32, 1, 'https://storage2.pitjarus.co/galderma/jsons/20220813/V.32.15475.22081313490717_1_1_display1_1.json'),
(1249, 'V.32.15475.22081313490717', 15475, 32, 1, 'https://storage2.pitjarus.co/galderma/jsons/20220813/V.32.15475.22081313490717_1_1_display2_1.json'),
(1250, 'V.32.15475.22081313490717', 15475, 32, 1, 'https://storage2.pitjarus.co/galderma/jsons/20220813/V.32.15475.22081313490717_1_1_display2_1.json'),
(1251, 'V.32.15475.22081313490717', 15475, 32, 1, 'https://storage2.pitjarus.co/galderma/jsons/20220813/V.32.15475.22081313490717_1_2_display1_1.json'),
(1252, 'V.32.15475.22081313490717', 15475, 32, 1, 'https://storage2.pitjarus.co/galderma/jsons/20220813/V.32.15475.22081313490717_1_2_display1_1.json'),
(1253, 'V.32.15475.22081313490717', 15475, 32, 2, 'https://storage2.pitjarus.co/galderma/jsons/20220813/V.32.15475.22081313490717_2_1_display1_1.json'),
(1254, 'V.32.15475.22081313490717', 15475, 32, 2, 'https://storage2.pitjarus.co/galderma/jsons/20220813/V.32.15475.22081313490717_2_1_display2_1.json'),
(1255, 'V.32.15475.22081313490717', 15475, 32, 2, 'https://storage2.pitjarus.co/galderma/jsons/20220813/V.32.15475.22081313490717_2_1_display1_1.json'),
(1256, 'V.32.15475.22081313490717', 15475, 32, 2, 'https://storage2.pitjarus.co/galderma/jsons/20220813/V.32.15475.22081313490717_2_1_display2_1.json'),
(1257, 'V.32.15475.22081313490717', 15475, 32, 2, 'https://storage2.pitjarus.co/galderma/jsons/20220813/V.32.15475.22081313490717_2_2_display1_1.json'),
(1258, 'V.32.15475.22081313490717', 15475, 32, 2, 'https://storage2.pitjarus.co/galderma/jsons/20220813/V.32.15475.22081313490717_2_2_display1_1.json'),
(1259, 'V.45.15168.22081313521354', 15168, 45, 2, 'https://storage2.pitjarus.co/galderma/jsons/20220813/V.45.15168.22081313521354_2_1_display1_1.json'),
(1260, 'V.45.15168.22081313521354', 15168, 45, 2, 'https://storage2.pitjarus.co/galderma/jsons/20220813/V.45.15168.22081313521354_2_1_display2_1.json'),
(1261, 'V.66.14665.22081313552421', 14665, 66, 2, 'https://storage2.pitjarus.co/galderma/jsons/20220813/V.66.14665.22081313552421_2_1_display1_1.json'),
(1262, 'V.66.14665.22081313552421', 14665, 66, 2, 'https://storage2.pitjarus.co/galderma/jsons/20220813/V.66.14665.22081313552421_2_1_display1_1.json'),
(1263, 'V.28.1073.22081313583329', 1073, 28, 1, 'https://storage2.pitjarus.co/galderma/jsons/20220813/V.28.1073.22081313583329_1_1_display1_1.json'),
(1264, 'V.28.1073.22081313583329', 1073, 28, 1, 'https://storage2.pitjarus.co/galderma/jsons/20220813/V.28.1073.22081313583329_1_2_display1_1.json'),
(1265, 'V.28.1073.22081313583329', 1073, 28, 2, 'https://storage2.pitjarus.co/galderma/jsons/20220813/V.28.1073.22081313583329_2_1_display1_1.json'),
(1266, 'V.28.1073.22081313583329', 1073, 28, 3, 'https://storage2.pitjarus.co/galderma/jsons/20220813/V.28.1073.22081313583329_3_2_display1_1.json'),
(1267, 'V.28.1073.22081313583329', 1073, 28, 4, 'https://storage2.pitjarus.co/galderma/jsons/20220813/V.28.1073.22081313583329_4_1_display1_1.json'),
(1268, 'V.28.1073.22081313583329', 1073, 28, 4, 'https://storage2.pitjarus.co/galderma/jsons/20220813/V.28.1073.22081313583329_4_2_display1_1.json'),
(1269, 'V.45.14463.22081313593664', 14463, 45, 2, 'https://storage2.pitjarus.co/galderma/jsons/20220813/V.45.14463.22081313593664_2_1_display1_1.json'),
(1270, 'V.41.1693.22081313595198', 1693, 41, 1, 'https://storage2.pitjarus.co/galderma/jsons/20220813/V.41.1693.22081313595198_1_1_display1_1.json'),
(1271, 'V.41.1693.22081313595198', 1693, 41, 1, 'https://storage2.pitjarus.co/galderma/jsons/20220813/V.41.1693.22081313595198_1_2_display1_1.json'),
(1272, 'V.41.1693.22081313595198', 1693, 41, 2, 'https://storage2.pitjarus.co/galderma/jsons/20220813/V.41.1693.22081313595198_2_1_display1_1.json'),
(1273, 'V.41.1693.22081313595198', 1693, 41, 2, 'https://storage2.pitjarus.co/galderma/jsons/20220813/V.41.1693.22081313595198_2_1_display2_1.json'),
(1274, 'V.41.1693.22081313595198', 1693, 41, 2, 'https://storage2.pitjarus.co/galderma/jsons/20220813/V.41.1693.22081313595198_2_2_display1_1.json'),
(1275, 'V.88.132.22081314020045', 132, 88, 2, 'https://storage2.pitjarus.co/galderma/jsons/20220813/V.88.132.22081314020045_2_1_display1_1.json'),
(1276, 'V.9.16189.22081314030117', 16189, 9, 2, 'https://storage2.pitjarus.co/galderma/jsons/20220813/V.9.16189.22081314030117_2_1_display1_1.json'),
(1277, 'V.9.16189.22081314030117', 16189, 9, 2, 'https://storage2.pitjarus.co/galderma/jsons/20220813/V.9.16189.22081314030117_2_2_display1_1.json'),
(1278, 'V.45.12508.22081314043360', 12508, 45, 2, 'https://storage2.pitjarus.co/galderma/jsons/20220813/V.45.12508.22081314043360_2_1_display1_1.json'),
(1279, 'V.45.12508.22081314043360', 12508, 45, 2, 'https://storage2.pitjarus.co/galderma/jsons/20220813/V.45.12508.22081314043360_2_1_display2_1.json'),
(1280, 'V.30.15642.22081314060735', 15642, 30, 1, 'https://storage2.pitjarus.co/galderma/jsons/20220813/V.30.15642.22081314060735_1_1_display1_1.json'),
(1281, 'V.30.15642.22081314060735', 15642, 30, 2, 'https://storage2.pitjarus.co/galderma/jsons/20220813/V.30.15642.22081314060735_2_1_display1_1.json'),
(1282, 'V.30.15642.22081314060735', 15642, 30, 2, 'https://storage2.pitjarus.co/galderma/jsons/20220813/V.30.15642.22081314060735_2_1_display2_1.json'),
(1283, 'V.28.5691.22081314081295', 5691, 28, 1, 'https://storage2.pitjarus.co/galderma/jsons/20220813/V.28.5691.22081314081295_1_1_display1_1.json'),
(1284, 'V.28.5691.22081314081295', 5691, 28, 1, 'https://storage2.pitjarus.co/galderma/jsons/20220813/V.28.5691.22081314081295_1_2_display1_1.json'),
(1285, 'V.28.5691.22081314081295', 5691, 28, 2, 'https://storage2.pitjarus.co/galderma/jsons/20220813/V.28.5691.22081314081295_2_2_display1_1.json'),
(1286, 'V.28.5691.22081314081295', 5691, 28, 4, 'https://storage2.pitjarus.co/galderma/jsons/20220813/V.28.5691.22081314081295_4_1_display1_1.json'),
(1287, 'V.66.15329.22081314132261', 15329, 66, 2, 'https://storage2.pitjarus.co/galderma/jsons/20220813/V.66.15329.22081314132261_2_1_display1_1.json'),
(1288, 'V.66.15329.22081314132261', 15329, 66, 2, 'https://storage2.pitjarus.co/galderma/jsons/20220813/V.66.15329.22081314132261_2_1_display1_1.json'),
(1289, 'V.49.16197.22081314154328', 16197, 49, 2, 'https://storage2.pitjarus.co/galderma/jsons/20220813/V.49.16197.22081314154328_2_1_display1_1.json'),
(1290, 'V.24.15690.22081314175422', 15690, 24, 2, 'https://storage2.pitjarus.co/galderma/jsons/20220813/V.24.15690.22081314175422_2_1_display1_1.json'),
(1291, 'V.24.9844.22081314390919', 9844, 24, 2, 'https://storage2.pitjarus.co/galderma/jsons/20220813/V.24.9844.22081314390919_2_1_display1_1.json'),
(1292, 'V.49.8052.22081314441521', 8052, 49, 2, 'https://storage2.pitjarus.co/galderma/jsons/20220813/V.49.8052.22081314441521_2_1_display1_1.json'),
(1293, 'V.88.10237.22081314482728', 10237, 88, 2, 'https://storage2.pitjarus.co/galderma/jsons/20220813/V.88.10237.22081314482728_2_1_display1_1.json'),
(1294, 'V.88.10237.22081314482728', 10237, 88, 2, 'https://storage2.pitjarus.co/galderma/jsons/20220813/V.88.10237.22081314482728_2_2_display1_1.json'),
(1295, 'V.88.16192.22081315092524', 16192, 88, 2, 'https://storage2.pitjarus.co/galderma/jsons/20220813/V.88.16192.22081315092524_2_1_display1_1.json'),
(1296, 'V.88.16192.22081315092524', 16192, 88, 2, 'https://storage2.pitjarus.co/galderma/jsons/20220813/V.88.16192.22081315092524_2_2_display1_1.json'),
(1297, 'V.88.10287.22081315214823', 10287, 88, 2, 'https://storage2.pitjarus.co/galderma/jsons/20220813/V.88.10287.22081315214823_2_1_display1_1.json'),
(1298, 'V.88.10287.22081315214823', 10287, 88, 2, 'https://storage2.pitjarus.co/galderma/jsons/20220813/V.88.10287.22081315214823_2_2_display1_1.json'),
(1299, 'V.88.10239.22081315502352', 10239, 88, 1, 'https://storage2.pitjarus.co/galderma/jsons/20220813/V.88.10239.22081315502352_1_1_display1_1.json'),
(1300, 'V.88.10239.22081315502352', 10239, 88, 2, 'https://storage2.pitjarus.co/galderma/jsons/20220813/V.88.10239.22081315502352_2_1_display1_1.json'),
(1301, 'V.88.10238.22081315584309', 10238, 88, 2, 'https://storage2.pitjarus.co/galderma/jsons/20220813/V.88.10238.22081315584309_2_1_display1_1.json'),
(1302, 'V.88.10238.22081315584309', 10238, 88, 2, 'https://storage2.pitjarus.co/galderma/jsons/20220813/V.88.10238.22081315584309_2_2_display1_1.json'),
(1303, 'V.43.15557.22081316145343', 15557, 43, 2, 'https://storage2.pitjarus.co/galderma/jsons/20220813/V.43.15557.22081316145343_2_1_display1_1.json'),
(1304, 'V.43.15557.22081316145343', 15557, 43, 2, 'https://storage2.pitjarus.co/galderma/jsons/20220813/V.43.15557.22081316145343_2_2_display1_1.json'),
(1305, 'V.43.15250.22081316332505', 15250, 43, 1, 'https://storage2.pitjarus.co/galderma/jsons/20220813/V.43.15250.22081316332505_1_1_display1_1.json'),
(1306, 'V.43.15250.22081316332505', 15250, 43, 1, 'https://storage2.pitjarus.co/galderma/jsons/20220813/V.43.15250.22081316332505_1_2_display1_1.json'),
(1307, 'V.43.15250.22081316332505', 15250, 43, 2, 'https://storage2.pitjarus.co/galderma/jsons/20220813/V.43.15250.22081316332505_2_1_display1_1.json');

-- --------------------------------------------------------

--
-- Table structure for table `report_product`
--

CREATE TABLE `report_product` (
  `id` int(11) NOT NULL,
  `visit_id` varchar(50) DEFAULT NULL,
  `product_id` int(11) NOT NULL,
  `jumlah_product` int(11) UNSIGNED DEFAULT NULL
) ENGINE=InnoDB DEFAULT CHARSET=latin1;

-- --------------------------------------------------------

--
-- Table structure for table `store`
--

CREATE TABLE `store` (
  `id` int(10) UNSIGNED NOT NULL,
  `name` varchar(45) COLLATE utf8mb4_unicode_ci DEFAULT NULL,
  `branch_id` int(10) UNSIGNED DEFAULT NULL
) ENGINE=InnoDB DEFAULT CHARSET=utf8mb4 COLLATE=utf8mb4_unicode_ci;

--
-- Dumping data for table `store`
--

INSERT INTO `store` (`id`, `name`, `branch_id`) VALUES
(18, 'KF.0352 Margonda', 1),
(19, 'KIMIA FARMA 143 MARGONDA RAYA', 1),
(59, 'MY BABY', 1),
(102, 'GUARDIAN HERO KOTA WISATA', 1),
(132, 'LOTTE GANDARIA CITY', 1),
(134, 'GUARDIAN GANDARIA CITY', 1),
(184, 'KIMIA FARMA GREEN PRAMUKA', 1),
(186, 'GUARDIAN GREEN PRAMUKA', 1),
(187, 'BOSTON GREEN PRAMUKA', 1),
(283, 'KIMIA FARMA KALIMALANG', 1),
(291, 'KF.0400 Galaxy', 1),
(293, 'ROXXY GALAXY', 1),
(302, 'WATSON GRAND GALAXY', 1),
(303, 'GUARDIAN BEKASI GRAND GALAXY MALL', 1),
(305, 'WATSON GRAND METRO POLITAN MALL', 1),
(306, 'GUARDIAN BKS GRAND METROPOLITAN', 1),
(346, 'WATSON PLAZA PESTIVAL', 1),
(367, 'HOLLY KOSMETIK', 1),
(387, 'KEMENANGAN', 1),
(388, 'BAMBINO', 1),
(432, 'BNP BABY SHOP', 1),
(528, 'KIMIA FARMA GREEN LAKE', 1),
(618, 'GELAEL TK', 5),
(652, 'Hokky Pangsud', 7),
(679, 'KIMIA FARMA Bintang Seminyak', 6),
(682, 'KIMIA FARMA Camplung Tanduk', 6),
(685, 'KF.0045 Darmo 94', 7),
(721, 'KF.0025 Darmo 2-4', 7),
(732, 'KIMIA FARMA Seminyak 1', 6),
(739, 'KF.0200 Tohpati', 6),
(757, 'MAXCO BSH', 5),
(767, 'MILLENIUM BABY N KIDS', 5),
(863, 'KF.0010', 8),
(865, 'KF.0012', 8),
(885, 'KF.Sulanjana 4', 8),
(910, 'Yens Dakota', 8),
(1043, 'BABY WOLD', 10),
(1067, 'KIMIA FARMA-Jl. Deli Tua', 10),
(1073, 'KF.J CITY', 10),
(1120, 'KIMIA FARMA sumpah pemuda', 11),
(1121, 'KIMIA FARMA Rama', 11),
(1127, 'GUARDIAN PALEMBANG ICON', 11),
(1168, 'KIMIA FARMA BURLIAN', 11),
(1171, 'MOTHER CARE', 11),
(1172, 'ANANDA BSH', 11),
(1174, 'YOCELYN BSH', 11),
(1198, 'KF.0065', 7),
(1200, 'SEHAT, TOKO / INDRA MITA', 7),
(1201, 'LESTARI, BS.', 7),
(1231, 'KIMIA FARMA-DIPONEGORO', 7),
(1259, 'K-24 RUNGKUT MADYA', 7),
(1328, 'Anugrah metic', 13),
(1337, 'Bebe zee p', 13),
(1418, 'APT.055 OSHCS', 1),
(1419, 'KF. Sukaraja', 1),
(1422, 'Makeupuccino', 8),
(1438, 'Velly metic', 11),
(1448, 'REMAJA  MART ', 7),
(1488, 'SUBUR ', 7),
(1490, 'KIMIA FARMA KRIAN', 7),
(1491, 'KIMIA FARMA MOJOSARI', 7),
(1530, 'WATSOSNS AMBARUKMA', 9),
(1554, ' LITTLE WONDERLAND BABY & KIDS BUTIK ', 14),
(1628, 'GUARDIAN A.YANI', 14),
(1631, ' K-24 Kelud ', 15),
(1642, ' Silka Cosmetik ', 15),
(1643, ' SUMBER HIDUP SEHAT PT. ', 15),
(1655, ' CITRA ', 5),
(1675, ' KF - PANDUGO ', 7),
(1685, ' Kimia Farma Sutoyo ', 14),
(1687, ' Kimia Farma Cempaka ', 14),
(1693, ' Kimia Farma Jl Pramuka ', 14),
(1696, ' Kimia Farma Km .5,9 ', 14),
(1697, ' Kimia farma Km. 13 ', 14),
(1727, ' Lolipop ', 15),
(1776, 'SUMMER BABY SHOP', 1),
(1812, ' Gaya Swalayan ', 15),
(1814, 'K24 Kedungmundu', 15),
(1872, 'KF.0393 Panam', 13),
(1878, 'KIMIA FARMA SOEBRANTAS 3', 13),
(1879, 'KIMIA FARMA SOEBRANTAS 596', 13),
(2007, 'KF.0481 Uniba', 16),
(2067, 'Boston Nagoya Hill', 16),
(2070, 'KF M. Legenda', 16),
(2080, 'GUARDIAN LIPPO PLAZA MEDAN FAIR', 10),
(2081, 'WATSON MEDAN FAIR', 10),
(2082, 'KIMIA FARMA 107 PWS', 10),
(2083, 'KF.0039', 10),
(2105, 'Kimia Farma Sudirman', 11),
(2130, 'KF. Rewwin', 7),
(2291, 'Lala Cosmetic', 11),
(2325, 'Guardian MSIG Tower', 1),
(2342, 'KF.Dago UNPAD', 8),
(2403, 'Guardian Csb Mall', 19),
(2404, 'Watson Csb Mall', 19),
(2503, 'Viva generik Kedungmundu', 15),
(2660, 'Guardian Pasar Festival', 1),
(2668, 'KF RSCM', 1),
(3319, 'Bellane Cosmetik', 11),
(3323, 'KF Sukabangun 2', 11),
(3575, 'KF WAHID HASYIM', 9),
(3752, 'KF Keutapang', 34),
(3763, 'Next cosmetics', 34),
(3764, 'KF. Lampeuneurut', 34),
(3776, 'KF. BATOH', 34),
(3934, 'KF Kramat Watu', 39),
(3936, 'KF PCI Cilegon', 36),
(3941, 'KF Pagebangan', 36),
(3947, 'KF Ramayana Cilegon', 36),
(3948, 'Watsons Ramayana Cilegon', 36),
(3965, 'Apotek KF Odessa', 16),
(3967, 'GUARDIAN NAGOYA HILLS BATAM', 16),
(4023, 'KF.SW PRANOTO', 20),
(4134, 'k-24 sarimanah', 8),
(4135, 'k-24 gegerkalong', 8),
(4284, 'K24 KARAWITAN', 8),
(4559, 'KAMALA', 48),
(4567, 'Happy Baby. BS', 48),
(4622, 'KIMIA FARMA PRINGGAN', 10),
(4623, 'KIMIA FARMA HM JHONI', 10),
(4634, 'KF.0032', 48),
(4635, 'Kimia Farma.AP Yos Sudarso', 48),
(4637, 'Apotik K24', 48),
(4648, 'dawwas baby & kids', 34),
(4649, 'Natural cosmetik', 34),
(4704, 'DanDan Di Panjaitan Cilegon', 36),
(4851, 'KF Batu Bulan', 6),
(4857, 'Gek Cosmetik', 6),
(4858, 'KF Semebaung', 6),
(4991, 'G. Samarinda Big Mall', 51),
(5018, 'Watsons', 48),
(5043, 'KF Cileungsi', 1),
(5076, 'HERON AIRLANGGA', 2),
(5147, 'Watsons Green Pramuka', 1),
(5170, 'Viva Kanfer ', 15),
(5187, 'Norinara', 48),
(5189, 'Baby Pool', 48),
(5205, 'K24 REWWIN, AP.', 7),
(5287, 'kf h&b oberoi', 6),
(5297, 'viva apotik tenggilis kauman', 7),
(5298, 'viva apotik kendangsari', 7),
(5301, 'Watson Banjarmasin Dutamall', 14),
(5340, 'MANJA, TK.', 51),
(5398, 'Dandan Temu Putih Cilegon', 36),
(5603, 'Morodadi', 7),
(5605, 'Murni Wr.Supratman', 6),
(5606, 'kf double six seminyak', 6),
(5681, 'KF.RS SOEPRAOEN', 20),
(5691, 'SIS COLECTION', 10),
(5702, 'BOBO HIPPO', 51),
(5703, ' WATSON BIG MALL SAMARINDA ', 51),
(6897, 'Dan Dan perumnas 2', 1),
(6900, 'Tip Top depok', 1),
(7069, 'Agung Baby Shop', 1),
(7341, 'Megah Cosmetik', 1),
(7406, 'Guardian Wr Made', 6),
(7548, 'KF.0038', 5),
(7554, 'K24 Taman Siswa', 9),
(7570, 'watsons gandariacity', 1),
(7695, 'TOKO MIKI', 66),
(7696, 'PALU MITRA UTAMA', 66),
(7698, 'KIMIA FARMA  WORTEL MONGINSIDI', 66),
(7702, 'KIMIA FARMA,AP', 66),
(7703, 'KIMIA FARMA SAMRATULANGI', 66),
(7850, 'KF Mongonsidi Palu', 66),
(7915, 'K24 JL Pramuka', 9),
(7916, 'K24 Krapyak', 9),
(7917, 'K24 JL ParangTritis', 9),
(7920, 'MotherCare Ambarukmo', 9),
(7921, 'Guardian Ambarukmo', 9),
(8033, 'Alfamart Wr.Supratman', 65),
(8052, 'Alfamart Wanayu', 65),
(8057, 'Indomaret', 7),
(8084, 'Alfamart Kunti 1', 65),
(8085, 'Alfamart Kunti 2', 65),
(8142, 'ALFAMART ARIF RATE', 5),
(8162, 'ALFAMART RAPPOKALLING RAYA', 5),
(8163, 'ALFAMART PONGTIKU', 5),
(8164, 'ALFAMART SUNU', 5),
(8165, 'ALFAMART SUNU 2', 5),
(8499, 'alfamart pecilon', 19),
(8553, 'Alfamart Imogiri Timur', 9),
(8557, 'Alfamart Wahid hasyim', 9),
(8626, 'ALFAMART KEBON KOPI 188', 8),
(8627, 'ALFAMART KEBON KOPI 123', 8),
(8628, 'ALFAMART KEBON KOPI 73', 8),
(8629, 'INDOMARET KEBON KOPI', 8),
(8630, 'ALFAMART SARIMANAH 2', 8),
(8632, 'INDOMARET KARAWITAN 44', 8),
(8633, 'ALFAMART KARAWITAN', 8),
(8634, 'ALFAMART TURANGGA 35', 8),
(8659, 'Indomaret Gegerkalong Hilir', 8),
(8680, 'Indomaret Dipatiukur', 8),
(8682, 'Indomaret Tikukur', 8),
(8683, 'Indomaret Titiran', 8),
(8686, 'Alfamart Tubagus Ismail', 8),
(8687, 'Indomaret Cigadung Raya Timur', 8),
(9204, 'Alfamart kramatwatu 1', 36),
(9205, 'Alfamart kramatwatu 2', 36),
(9235, 'Alfamart serdang', 36),
(9237, 'Alfamart cibeber', 36),
(9717, 'Alfa mart Perunas 1', 1),
(9722, 'Alfamart kayutingin', 1),
(9740, 'INDOMARET CIKUTRA BARAT 17', 8),
(9794, '10 - MM1', 1),
(9795, '10 - MM2', 1),
(9796, '10 - MM3', 1),
(9844, 'ALFAMART BULUSARAUNG', 5),
(9927, 'ALFAMART LASWI 56', 8),
(9961, 'Alfamart indraprasta', 15),
(10030, 'Alfamart panjaitan', 36),
(10032, 'Alfamart pagebangan', 36),
(10085, 'Indomaret Mangga besar IX', 1),
(10118, 'Indomaret guntur setiabudi', 1),
(10121, 'Indomaret setiabudi 17 (TTAP)', 1),
(10129, 'Alfamart kenari 2', 1),
(10130, 'Alfamart kramat IV', 1),
(10162, 'Alfamart menteng atas', 1),
(10163, 'Alfamart menteng wadas timur', 1),
(10185, 'Alfamart karbela', 1),
(10186, 'Alfamart karbela 2', 1),
(10187, 'Alfamart anggrek 3', 1),
(10237, 'Alfa keb lama7', 1),
(10238, 'IDM keb.lama242', 1),
(10239, 'IDM keb.lama 3', 1),
(10287, 'IDM GANDARIA CITY', 1),
(10522, 'indomaret pademangan T', 1),
(10523, 'alfamart pademangan T', 1),
(10525, 'alfamart pademangan 2', 1),
(10528, 'alfamart pademangan 3', 1),
(10697, 'indomart greenlake city', 1),
(10698, 'alfamart greenlake city', 1),
(10772, 'ALFAMART AH. NASUTION  SIMPANG KARYA JAYA', 10),
(10798, 'Alfamart Pal 3', 48),
(10799, 'Alfamart Tanjung Pura', 48),
(10809, 'Alfamart keutapang', 34),
(10810, 'Alfamart lampeunurut', 34),
(10813, 'Alfamart T. Nyak arief', 34),
(10823, 'alfamart sei panas', 16),
(10827, 'alfamart rs elisabeth', 16),
(10845, 'alfamart panasonic', 16),
(10871, 'ALFAMART PURWODADI', 13),
(11116, 'SAT Pondok Gede psr', 1),
(11158, 'SAT Ciangsana', 1),
(11160, 'SAT Ciangsana 3', 1),
(11276, 'IDM Panglima Polim Sipon', 1),
(11277, 'IDM Benteng Betawi', 1),
(11278, 'SAT Benteng Betawi', 1),
(11313, 'IDM Taman Elang', 1),
(11314, 'SAT Taman Elang', 1),
(11358, 'Indomaret kramatwatu 2', 36),
(11359, 'Alfamart kramatwatu raya clg srg', 36),
(11366, 'Alfamart Pejaten', 36),
(11595, 'Alfamart Kebalen', 20),
(11596, 'Alfamart Nusakambangan', 20),
(11598, 'KF.Kebonsari', 20),
(11599, 'Alfamart Kepuh', 20),
(11600, 'Alfamart S Supriadi', 20),
(11618, 'chiko. mm', 7),
(11669, 'Alfamart 29', 7),
(11720, 'Alfamart soekarno hatta aceh besar', 34),
(11750, 'ALFAMART GARUDA SAKTI 1', 13),
(11751, 'ALFAMART GARUDA SAKTI 2', 13),
(11752, 'ALFAMART KUBANG RAYA', 13),
(11790, 'ALFAMART SOETA 2', 13),
(11792, 'ALFAMART SOETA 3', 13),
(11797, 'ALFAMART SUKAKARYA', 13),
(11874, 'Sat Sukabangun 2', 11),
(11876, 'Sat Anwar Sastro', 11),
(11877, 'Sat Lunjuk Jaya', 11),
(12210, 'ALFAMART KEBON KOPI 17', 8),
(12508, 'idm puri 3', 18),
(12515, 'idm karadenan 1', 18),
(13005, 'Alfamart Krian 1', 7),
(13006, 'Alfamart Krian 2', 7),
(13169, 'ALFAMART CIBOGO', 8),
(13183, 'Alfamart indraprasta raya 2 ', 15),
(13528, 'Kalluna official', 16),
(13552, 'Alfamart indraprasta 2', 15),
(13575, 'ALFAMART SETIABUDHI', 8),
(13576, 'ALFAMART GEGERKALONG HILIR', 8),
(13602, 'IDM Kota Legenda Cibubur', 1),
(13605, 'SAT Kota Legenda Cibubur 2', 1),
(13679, 'ALFAMART AHMAD YANI 419', 8),
(13695, 'ALFAMART GUNUNG BATU 2', 8),
(13696, 'ALFAMART GUNUNG BATU RAYA', 8),
(13702, 'ALFAMART KM12', 14),
(13704, 'ALFAMART KM15', 14),
(13710, 'ALFAMART KUBANG RAYA 2', 13),
(13719, 'ALFAMART PURWODADI 2', 13),
(13753, 'QUEEN BABY JERUJU', 48),
(13953, 'farmers epicentrum walk', 1),
(13962, 'alfamart letjen suprapto1', 1),
(13963, 'alfamart letjen suprapto2', 1),
(13964, 'indomaret letjen suprato66', 1),
(14039, 'SAT Jati Makmur', 1),
(14053, 'Alfamart Hang Kesturi', 16),
(14074, 'Sat Anwar Arsyad', 11),
(14075, 'IDM Parameswara', 11),
(14091, 'Sat Burlian', 11),
(14143, 'Satu Sama Baby Care', 5),
(14162, 'ALFAMART SUNU BONTOALA', 5),
(14169, 'khalilco cosmetik', 51),
(14417, 'Alfamart Bmw', 36),
(14437, 'KF Pondasi', 1),
(14439, 'KF Percetakan negara 1', 1),
(14440, 'KF Buaran', 1),
(14463, 'idm karadenan 4', 18),
(14515, 'Indomaret lampeunurut', 34),
(14516, 'Indomaret soekarno hatta aceh besar', 34),
(14517, 'Indomaret keutapang ', 34),
(14518, 'Indomaret T makam pahlawan', 34),
(14599, 'IDM Simpang Kuda', 16),
(14663, 'indomaret patimura ', 51),
(14664, 'indomaret ir sutami', 51),
(14665, 'indomaret slamet riyadi', 51),
(14666, 'indomaret cendana', 51),
(14667, 'indomaret antasari', 51),
(14691, 'indomaret p. antasari', 51),
(14693, 'INDOMARET M SAID', 51),
(14737, 'Gorontalo 15', 22),
(14749, 'TOKO SAYONARA 2', 5),
(14765, 'ALFAMIDI PONGTIKU', 5),
(14889, 'Alfamart Menteri Supeno', 9),
(14890, 'Alfamart Menteri Supeno 2', 9),
(14893, 'Alfamidi Tritunggal', 9),
(14915, 'Sanrio', 7),
(14920, 'Indomart Graha Residence', 7),
(14921, 'Alfamidi MJS 1', 7),
(14958, 'Alfamart Kebalen Wetan', 20),
(14961, 'Alfamidi Danau Toba', 20),
(14962, 'Indomart Kerinci', 20),
(14963, 'Alfamidi Bratan', 20),
(14964, 'Indomart Ki Ageng Gribik', 20),
(14970, 'Alfamifi sudanco', 20),
(14980, 'indomart sidoarjo 13', 7),
(14981, 'indomart sidoarjo 14', 7),
(15147, 'KF Jati Makmur', 1),
(15158, 'KF Percetakan negara 2', 1),
(15160, 'Alfamidi Buaran', 1),
(15161, 'Indomaret Buaran', 1),
(15168, 'sat sukahati 3', 18),
(15172, 'alfamidi gaperi', 18),
(15175, 'idm jalan raya bogor 1', 18),
(15176, 'idm jalan raya bogor 2', 18),
(15180, 'idm puri 2', 18),
(15192, 'Kimia Farma Ayani 1', 48),
(15200, 'Central Kosmetik', 48),
(15201, 'Alfamart Paris 1', 48),
(15233, 'IDM Unsri', 11),
(15250, 'BAYIKU BABY SHOP', 16),
(15290, 'Idm sroyo s2', 14),
(15294, 'Idm km15', 14),
(15295, 'Idm km14', 14),
(15302, 'Alfamidi t Wr.Supratman ', 65),
(15303, 'Alfamart Batu Bulan 1', 65),
(15305, 'Alfamart Batu Bulan 2', 65),
(15314, 'Indomaret Wr Supratman', 65),
(15324, 'alfamidi patimura', 51),
(15325, 'alfamidi bung tomo ', 51),
(15326, 'indomaret kemangi', 51),
(15327, 'indomaret jakarta ', 51),
(15328, 'alfa midi jalan jakarta', 51),
(15329, 'alfa midi m said', 51),
(15330, 'alfamidi cendana', 51),
(15370, 'SAT Letnan Murod', 11),
(15371, 'Sat Abusamah', 11),
(15374, 'Sat Kambang Iwak', 11),
(15439, 'Alfamidi Taman Siswa', 9),
(15440, 'Alfamart Bangunharjo', 9),
(15475, 'KABAKIDS', 13),
(15480, 'alfamart wr made ', 65),
(15487, 'alfamidi bungtomo 2', 51),
(15557, 'SAT Imam Bonjol, Nagoya', 16),
(15572, 'Alfamidi Taman Siswa 1', 9),
(15618, 'Ciprut babystore', 20),
(15641, 'Sat Parameswara Raya', 11),
(15642, 'IDM Point Sudirman', 11),
(15664, 'Bila Kids', 18),
(15669, 'IDM Botania 2', 16),
(15690, 'IDM PATTIMURA', 5),
(15758, 'GUARDIAN MELAWAI MARGONDA', 1),
(15814, 'APT. KF.0048 MATRAMAN', 1),
(15816, 'KF Salemba Tunggal', 1),
(15879, 'House cosmetik', 34),
(15886, 'ALFAMART TEROPNG', 13),
(15902, 'IDM Burlian ', 11),
(15904, 'Loop Baby Shop ', 11),
(15905, 'SAT Simpang Pakjo', 11),
(15919, 'ALFAMIDI IR SUTAMI', 51),
(15922, 'BNSMART  SUDIRMAN', 66),
(15936, 'indomaret siradsalman', 51),
(16189, '26 Beauty Secret', 1),
(16192, 'ALFA Gandaria City', 1),
(16195, 'Alfamart Buaran ', 1),
(16197, 'Alfamart Mahendradata', 65),
(16238, 'Palapa Adityawarman', 7),
(16254, 'Watson Palembang Icon', 11),
(16311, 'SAT Legenda Wisata Newton', 1),
(16319, 'Dandan Bojong Kulur', 1),
(16320, 'Watsons Street Kota Wisata Cibubur', 1),
(16326, 'NIMS BEAUTY', 66),
(16330, 'alfamidi antasari', 51),
(16342, 'KF Akasia', 46),
(16351, 'Asih Baby Store 2', 46),
(16360, 'Alfamidi Tanjung', 46),
(16382, 'Alfamidi gatot subroto', 46),
(16580, 'Indomaret Batu Bulan 2', 65),
(16605, 'Alfamart Surabaya', 7),
(16608, 'sweet sukses', 51),
(16614, 'SAT Taras Indah', 16),
(16627, 'ULZZANG BEAUTY', 66),
(16645, 'ALFAMIDI SOEKARNO HSTTA', 66),
(16669, 'ALFAMART MARSAN', 13),
(16679, 'Viva Diponegoro', 15),
(16692, 'clona b3auty', 46),
(16760, 'ALFAMIDI TEMBUNG PASAR 7', 10),
(16761, 'ALFAMART  SWADAYA', 10),
(16786, 'Toko grilsthing kosmetik', 51),
(16824, 'Mom & child Kedung Mundu Raya', 15),
(16850, 'Super Market Bintang Seminyak', 65),
(16874, 'Viva Apotik Batu Bulan', 65),
(16881, 'Idm pramuka rahayu ', 14),
(16882, 'Idm pramuka 30', 14),
(16943, 'Akarsari kosmetik', 13),
(16947, 'ALFAMIDI JAKARTA 2 LOA BAKUNG', 51),
(16957, 'Alfamart tanjung', 46),
(16965, 'Alfamart jensud sokaraja', 46),
(16969, 'Alfamart gerilya', 46),
(16970, 'Alfamart tanjung elok', 46),
(16982, 'Alfamart klampok', 46),
(16983, 'Alfamart bukateja', 46),
(16984, 'Alfamart alun- alun purbalingga', 46),
(17002, 'KF 777 Klungkung', 65),
(17024, 'Kimia Farma 189 Sriwijaya', 2),
(17026, 'Guardian Lombok Epicentrum Mall 1', 2),
(17027, 'Guardian Lombok Epicentrum Mall 2', 2),
(17029, 'Valetteshop cosmetics', 2),
(17030, 'Rumah Kosmetik Carissa 3', 2),
(17065, 'Alfamart Karang Sukun', 2),
(17066, 'Beauty.byki', 2),
(17070, 'Kimia Farma Gerung', 2),
(17071, 'Alfamart gerung', 2),
(17072, 'Alfamart Lembar', 2),
(17073, 'Indomaret Lembar', 2),
(17074, 'Indomaret Gerung', 2),
(17081, 'GUARDIAN PONTIANAK GAIA', 48),
(17091, 'KF.0382 K2', 1),
(17092, 'GUARDIAN MARGO CITY DEPOK 2', 1),
(17095, 'KF H&B Mall Gandaria City', 1),
(17106, 'GUARDIAN MAL METROPOLITAN 2', 1);

-- --------------------------------------------------------

--
-- Table structure for table `surveyor`
--

CREATE TABLE `surveyor` (
  `id` int(10) UNSIGNED NOT NULL,
  `username` varchar(45) COLLATE utf8mb4_unicode_ci DEFAULT NULL
) ENGINE=InnoDB DEFAULT CHARSET=utf8mb4 COLLATE=utf8mb4_unicode_ci;

--
-- Dumping data for table `surveyor`
--

INSERT INTO `surveyor` (`id`, `username`) VALUES
(8, 'MD003'),
(9, 'MD004'),
(10, 'MD005'),
(12, 'MD007'),
(23, 'MD011'),
(24, 'MD012'),
(26, 'MD014'),
(28, 'MD015'),
(30, 'MD016'),
(31, 'MD017'),
(32, 'MD018'),
(41, 'MD019'),
(42, 'MD020'),
(43, 'MD021'),
(45, 'MD023'),
(46, 'MD024'),
(47, 'MD025'),
(48, 'MD026'),
(49, 'MD027'),
(50, 'MD028'),
(54, 'MD032'),
(56, 'MD034'),
(60, 'MD037'),
(62, 'MD039'),
(63, 'MD040'),
(66, 'MD042'),
(69, 'MD045'),
(81, 'MD049'),
(82, 'MD050'),
(85, 'MD051'),
(88, 'MD052'),
(90, 'MD054'),
(94, 'MD055');

--
-- Indexes for dumped tables
--

--
-- Indexes for table `branch`
--
ALTER TABLE `branch`
  ADD PRIMARY KEY (`id`);

--
-- Indexes for table `category`
--
ALTER TABLE `category`
  ADD PRIMARY KEY (`id`);

--
-- Indexes for table `product`
--
ALTER TABLE `product`
  ADD PRIMARY KEY (`id`),
  ADD KEY `FK4_idx` (`category_id`),
  ADD KEY `FK5_idx` (`category_id`);

--
-- Indexes for table `report_display`
--
ALTER TABLE `report_display`
  ADD PRIMARY KEY (`id`),
  ADD UNIQUE KEY `id_UNIQUE` (`id`),
  ADD KEY `FK1_idx` (`store_id`),
  ADD KEY `FK3_idx` (`store_id`),
  ADD KEY `FK2_idx` (`surveyor_id`),
  ADD KEY `FK4_idx` (`category_id`);

--
-- Indexes for table `report_product`
--
ALTER TABLE `report_product`
  ADD PRIMARY KEY (`id`),
  ADD KEY `visit_id` (`visit_id`),
  ADD KEY `product_id` (`product_id`);

--
-- Indexes for table `store`
--
ALTER TABLE `store`
  ADD PRIMARY KEY (`id`),
  ADD KEY `FK1_idx` (`branch_id`);

--
-- Indexes for table `surveyor`
--
ALTER TABLE `surveyor`
  ADD PRIMARY KEY (`id`);

--
-- AUTO_INCREMENT for dumped tables
--

--
-- AUTO_INCREMENT for table `category`
--
ALTER TABLE `category`
  MODIFY `id` int(10) UNSIGNED NOT NULL AUTO_INCREMENT, AUTO_INCREMENT=11;

--
-- AUTO_INCREMENT for table `product`
--
ALTER TABLE `product`
  MODIFY `id` int(11) NOT NULL AUTO_INCREMENT, AUTO_INCREMENT=41;

--
-- AUTO_INCREMENT for table `report_display`
--
ALTER TABLE `report_display`
  MODIFY `id` int(10) UNSIGNED NOT NULL AUTO_INCREMENT, AUTO_INCREMENT=1308;

--
-- AUTO_INCREMENT for table `report_product`
--
ALTER TABLE `report_product`
  MODIFY `id` int(11) NOT NULL AUTO_INCREMENT;

--
-- AUTO_INCREMENT for table `surveyor`
--
ALTER TABLE `surveyor`
  MODIFY `id` int(10) UNSIGNED NOT NULL AUTO_INCREMENT, AUTO_INCREMENT=95;

--
-- Constraints for dumped tables
--

--
-- Constraints for table `product`
--
ALTER TABLE `product`
  ADD CONSTRAINT `FK5` FOREIGN KEY (`category_id`) REFERENCES `category` (`id`) ON DELETE CASCADE ON UPDATE CASCADE;

--
-- Constraints for table `report_display`
--
ALTER TABLE `report_display`
  ADD CONSTRAINT `FK2` FOREIGN KEY (`surveyor_id`) REFERENCES `surveyor` (`id`) ON DELETE CASCADE ON UPDATE CASCADE,
  ADD CONSTRAINT `FK3` FOREIGN KEY (`store_id`) REFERENCES `store` (`id`) ON DELETE CASCADE ON UPDATE CASCADE,
  ADD CONSTRAINT `FK4` FOREIGN KEY (`category_id`) REFERENCES `category` (`id`) ON DELETE CASCADE ON UPDATE CASCADE;

--
-- Constraints for table `report_product`
--
ALTER TABLE `report_product`
  ADD CONSTRAINT `FK_report_product_product` FOREIGN KEY (`product_id`) REFERENCES `product` (`id`);

--
-- Constraints for table `store`
--
ALTER TABLE `store`
  ADD CONSTRAINT `FK1` FOREIGN KEY (`branch_id`) REFERENCES `branch` (`id`);
COMMIT;

/*!40101 SET CHARACTER_SET_CLIENT=@OLD_CHARACTER_SET_CLIENT */;
/*!40101 SET CHARACTER_SET_RESULTS=@OLD_CHARACTER_SET_RESULTS */;
/*!40101 SET COLLATION_CONNECTION=@OLD_COLLATION_CONNECTION */;
